[2021/07/22 17:53:35.908 +08:00] [INFO] [lib.rs:81] ["Welcome to TiKV"]
[2021/07/22 17:53:35.909 +08:00] [INFO] [lib.rs:86] ["Release Version:   5.1.0-alpha"]
[2021/07/22 17:53:35.909 +08:00] [INFO] [lib.rs:86] ["Edition:           Community"]
[2021/07/22 17:53:35.909 +08:00] [INFO] [lib.rs:86] ["Git Commit Hash:   304fe9438eed621cd86a26ee614156f12f5ff3b6"]
[2021/07/22 17:53:35.909 +08:00] [INFO] [lib.rs:86] ["Git Commit Branch: topsql-scan-row"]
[2021/07/22 17:53:35.909 +08:00] [INFO] [lib.rs:86] ["UTC Build Time:    Unknown (env var does not exist when building)"]
[2021/07/22 17:53:35.909 +08:00] [INFO] [lib.rs:86] ["Rust Version:      rustc 1.53.0-nightly (16bf626a3 2021-04-14)"]
[2021/07/22 17:53:35.909 +08:00] [INFO] [lib.rs:86] ["Enable Features:   jemalloc sse protobuf-codec test-engines-rocksdb cloud-aws cloud-gcp"]
[2021/07/22 17:53:35.909 +08:00] [INFO] [lib.rs:86] ["Profile:           debug"]
[2021/07/22 17:53:35.909 +08:00] [INFO] [mod.rs:70] ["memory limit in bytes: 17592185856, cpu cores quota: 8"]
[2021/07/22 17:53:35.909 +08:00] [WARN] [lib.rs:509] ["environment variable `TZ` is missing, using `/etc/localtime`"]
[2021/07/22 17:53:35.910 +08:00] [INFO] [lib.rs:521] ["environment variable is present"] [http_proxy=]
[2021/07/22 17:53:35.910 +08:00] [INFO] [lib.rs:521] ["environment variable is present"] [https_proxy=]
[2021/07/22 17:53:35.911 +08:00] [INFO] [util.rs:536] ["connecting to PD endpoint"] [endpoints=127.0.0.1:2379]
[2021/07/22 17:53:35.912 +08:00] [INFO] [<unknown>] ["Connect failed: {\"created\":\"@1626947615.912577000\",\"description\":\"Failed to connect to remote host: Connection refused\",\"errno\":61,\"file\":\"/Users/cs/.cargo/registry/src/mirrors.ustc.edu.cn-61ef6e0cd06fb9b8/grpcio-sys-0.9.0+1.38.0/grpc/src/core/lib/iomgr/tcp_client_posix.cc\",\"file_line\":200,\"os_error\":\"Connection refused\",\"syscall\":\"connect\",\"target_address\":\"ipv4:127.0.0.1:2379\"}"]
[2021/07/22 17:53:35.912 +08:00] [INFO] [<unknown>] ["Subchannel 0x7fab7a905870: Retry in 999 milliseconds"]
[2021/07/22 17:53:35.913 +08:00] [INFO] [util.rs:498] ["PD failed to respond"] [err="Grpc(RpcFailure(RpcStatus { code: 14-UNAVAILABLE, message: \"failed to connect to all addresses\", details: [] }))"] [endpoints=127.0.0.1:2379]
[2021/07/22 17:53:35.913 +08:00] [WARN] [client.rs:132] ["validate PD endpoints failed"] [err="Other(\"[components/pd_client/src/util.rs:531]: PD cluster failed to respond\")"]
[2021/07/22 17:53:36.215 +08:00] [INFO] [util.rs:536] ["connecting to PD endpoint"] [endpoints=127.0.0.1:2379]
[2021/07/22 17:53:37.717 +08:00] [INFO] [<unknown>] ["New connected subchannel at 0x7fab78d01260 for subchannel 0x7fab78f135c0"]
[2021/07/22 17:53:37.720 +08:00] [INFO] [util.rs:498] ["PD failed to respond"] [err="Grpc(RpcFailure(RpcStatus { code: 2-UNKNOWN, message: \"server not started\", details: [] }))"] [endpoints=127.0.0.1:2379]
[2021/07/22 17:53:38.025 +08:00] [INFO] [util.rs:536] ["connecting to PD endpoint"] [endpoints=127.0.0.1:2379]
[2021/07/22 17:53:38.034 +08:00] [INFO] [<unknown>] ["New connected subchannel at 0x7fab78f150d0 for subchannel 0x7fab78f12d60"]
[2021/07/22 17:53:38.036 +08:00] [INFO] [util.rs:536] ["connecting to PD endpoint"] [endpoints=http://127.0.0.1:2379]
[2021/07/22 17:53:38.038 +08:00] [INFO] [<unknown>] ["New connected subchannel at 0x7fab78d027d0 for subchannel 0x7fab78f14e00"]
[2021/07/22 17:53:38.039 +08:00] [INFO] [util.rs:536] ["connecting to PD endpoint"] [endpoints=http://127.0.0.1:2379]
[2021/07/22 17:53:38.040 +08:00] [INFO] [<unknown>] ["New connected subchannel at 0x7fab78d01c20 for subchannel 0x7fab7a906d40"]
[2021/07/22 17:53:38.040 +08:00] [INFO] [util.rs:650] ["connected to PD member"] [endpoints=http://127.0.0.1:2379]
[2021/07/22 17:53:38.040 +08:00] [INFO] [util.rs:528] ["all PD endpoints are consistent"] [endpoints="[\"127.0.0.1:2379\"]"]
[2021/07/22 17:53:38.041 +08:00] [INFO] [server.rs:341] ["connect to PD cluster"] [cluster_id=6987686808901614550]
[2021/07/22 17:53:38.041 +08:00] [INFO] [config.rs:1947] ["readpool.storage.use-unified-pool is not set, set to true by default"]
[2021/07/22 17:53:38.042 +08:00] [INFO] [config.rs:1970] ["readpool.coprocessor.use-unified-pool is not set, set to true by default"]
[2021/07/22 17:53:38.042 +08:00] [INFO] [config.rs:246] ["no advertise-addr is specified, falling back to default addr"] [addr=127.0.0.1:20160]
[2021/07/22 17:53:38.042 +08:00] [INFO] [config.rs:271] ["no advertise-status-addr is specified, falling back to status-addr"] [status-addr=127.0.0.1:20180]
[2021/07/22 17:53:38.052 +08:00] [INFO] [server.rs:1329] ["beginning system configuration check"]
[2021/07/22 17:53:38.059 +08:00] [INFO] [server.rs:310] ["using config"] [config="{\"log-level\":\"info\",\"log-file\":\"/Users/cs/code/rust/tikv/tikv0.log\",\"log-format\":\"text\",\"slow-log-file\":\"\",\"slow-log-threshold\":\"1s\",\"log-rotation-timespan\":\"1d\",\"log-rotation-size\":\"300MiB\",\"panic-when-unexpected-key-or-data\":false,\"enable-io-snoop\":true,\"abort-on-panic\":false,\"memory-usage-limit\":\"12300MiB\",\"memory-usage-high-water\":0.9,\"readpool\":{\"unified\":{\"min-thread-count\":1,\"max-thread-count\":6,\"stack-size\":\"10MiB\",\"max-tasks-per-worker\":2000},\"storage\":{\"use-unified-pool\":true,\"high-concurrency\":4,\"normal-concurrency\":4,\"low-concurrency\":4,\"max-tasks-per-worker-high\":2000,\"max-tasks-per-worker-normal\":2000,\"max-tasks-per-worker-low\":2000,\"stack-size\":\"10MiB\"},\"coprocessor\":{\"use-unified-pool\":true,\"high-concurrency\":6,\"normal-concurrency\":6,\"low-concurrency\":6,\"max-tasks-per-worker-high\":2000,\"max-tasks-per-worker-normal\":2000,\"max-tasks-per-worker-low\":2000,\"stack-size\":\"10MiB\"}},\"server\":{\"addr\":\"127.0.0.1:20160\",\"advertise-addr\":\"127.0.0.1:20160\",\"status-addr\":\"127.0.0.1:20180\",\"advertise-status-addr\":\"127.0.0.1:20180\",\"status-thread-pool-size\":1,\"max-grpc-send-msg-len\":10485760,\"raft-client-grpc-send-msg-buffer\":524288,\"raft-client-queue-size\":8192,\"raft-msg-max-batch-size\":128,\"grpc-compression-type\":\"none\",\"grpc-concurrency\":5,\"grpc-concurrent-stream\":1024,\"grpc-raft-conn-num\":1,\"grpc-memory-pool-quota\":9223372036854775807,\"grpc-stream-initial-window-size\":\"2MiB\",\"grpc-keepalive-time\":\"10s\",\"grpc-keepalive-timeout\":\"3s\",\"concurrent-send-snap-limit\":32,\"concurrent-recv-snap-limit\":32,\"end-point-recursion-limit\":1000,\"end-point-stream-channel-size\":8,\"end-point-batch-row-limit\":64,\"end-point-stream-batch-row-limit\":128,\"end-point-enable-batch-if-possible\":true,\"end-point-request-max-handle-duration\":\"1m\",\"end-point-max-concurrency\":8,\"snap-max-write-bytes-per-sec\":\"100MiB\",\"snap-max-total-size\":\"0KiB\",\"stats-concurrency\":1,\"heavy-load-threshold\":300,\"heavy-load-wait-duration\":\"1ms\",\"enable-request-batch\":true,\"background-thread-count\":2,\"end-point-slow-log-threshold\":\"1s\",\"forward-max-connections-per-address\":4,\"labels\":{}},\"storage\":{\"data-dir\":\"/Users/cs/data/tikv0\",\"gc-ratio-threshold\":1.1,\"max-key-size\":4096,\"scheduler-concurrency\":524288,\"scheduler-worker-pool-size\":4,\"scheduler-pending-write-threshold\":\"100MiB\",\"reserve-space\":\"5GiB\",\"enable-async-apply-prewrite\":false,\"enable-ttl\":false,\"ttl-check-poll-interval\":\"12h\",\"block-cache\":{\"shared\":true,\"capacity\":\"7380MiB\",\"num-shard-bits\":6,\"strict-capacity-limit\":false,\"high-pri-pool-ratio\":0.8,\"memory-allocator\":\"nodump\"},\"io-rate-limit\":{\"max-bytes-per-sec\":\"0KiB\",\"mode\":\"write-only\",\"strict\":false,\"foreground-read-priority\":\"high\",\"foreground-write-priority\":\"high\",\"flush-priority\":\"high\",\"level-zero-compaction-priority\":\"medium\",\"compaction-priority\":\"low\",\"replication-priority\":\"high\",\"load-balance-priority\":\"high\",\"gc-priority\":\"high\",\"import-priority\":\"medium\",\"export-priority\":\"medium\",\"other-priority\":\"high\"}},\"pd\":{\"endpoints\":[\"127.0.0.1:2379\"],\"retry-interval\":\"300ms\",\"retry-max-count\":9223372036854775807,\"retry-log-every\":10,\"update-interval\":\"10m\",\"enable-forwarding\":false},\"metric\":{\"job\":\"tikv\"},\"raftstore\":{\"prevote\":true,\"raftdb-path\":\"/Users/cs/data/tikv0/raft\",\"capacity\":\"0KiB\",\"raft-base-tick-interval\":\"1s\",\"raft-heartbeat-ticks\":2,\"raft-election-timeout-ticks\":10,\"raft-min-election-timeout-ticks\":10,\"raft-max-election-timeout-ticks\":20,\"raft-max-size-per-msg\":\"1MiB\",\"raft-max-inflight-msgs\":256,\"raft-entry-max-size\":\"8MiB\",\"raft-log-gc-tick-interval\":\"10s\",\"raft-log-gc-threshold\":50,\"raft-log-gc-count-limit\":73728,\"raft-log-gc-size-limit\":\"72MiB\",\"raft-log-reserve-max-ticks\":6,\"raft-engine-purge-interval\":\"10s\",\"raft-entry-cache-life-time\":\"30s\",\"raft-reject-transfer-leader-duration\":\"3s\",\"split-region-check-tick-interval\":\"10s\",\"region-split-check-diff\":\"6MiB\",\"region-compact-check-interval\":\"5m\",\"region-compact-check-step\":100,\"region-compact-min-tombstones\":10000,\"region-compact-tombstones-percent\":30,\"pd-heartbeat-tick-interval\":\"1m\",\"pd-store-heartbeat-tick-interval\":\"10s\",\"snap-mgr-gc-tick-interval\":\"1m\",\"snap-gc-timeout\":\"4h\",\"lock-cf-compact-interval\":\"10m\",\"lock-cf-compact-bytes-threshold\":\"256MiB\",\"notify-capacity\":40960,\"messages-per-tick\":4096,\"max-peer-down-duration\":\"10m\",\"max-leader-missing-duration\":\"2h\",\"abnormal-leader-missing-duration\":\"10m\",\"peer-stale-state-check-interval\":\"5m\",\"leader-transfer-max-log-lag\":128,\"snap-apply-batch-size\":\"10MiB\",\"consistency-check-interval\":\"0s\",\"report-region-flow-interval\":\"1m\",\"raft-store-max-leader-lease\":\"9s\",\"right-derive-when-split\":true,\"allow-remove-leader\":false,\"merge-max-log-gap\":10,\"merge-check-tick-interval\":\"2s\",\"use-delete-range\":false,\"cleanup-import-sst-interval\":\"10m\",\"local-read-batch-size\":1024,\"apply-max-batch-size\":256,\"apply-pool-size\":2,\"apply-reschedule-duration\":\"5s\",\"apply-low-priority-pool-size\":1,\"store-max-batch-size\":256,\"store-pool-size\":2,\"store-reschedule-duration\":\"5s\",\"store-low-priority-pool-size\":0,\"future-poll-size\":1,\"hibernate-regions\":true,\"dev-assert\":false,\"apply-yield-duration\":\"500ms\",\"perf-level\":1},\"coprocessor\":{\"split-region-on-table\":false,\"batch-split-limit\":10,\"region-max-size\":\"144MiB\",\"region-split-size\":\"96MiB\",\"region-max-keys\":1440000,\"region-split-keys\":960000,\"consistency-check-method\":\"mvcc\",\"perf-level\":2},\"coprocessor-v2\":{\"coprocessor-plugin-directory\":null},\"rocksdb\":{\"info-log-level\":\"info\",\"wal-recovery-mode\":2,\"wal-dir\":\"\",\"wal-ttl-seconds\":0,\"wal-size-limit\":\"0KiB\",\"max-total-wal-size\":\"4GiB\",\"max-background-jobs\":8,\"max-background-flushes\":3,\"max-manifest-file-size\":\"128MiB\",\"create-if-missing\":true,\"max-open-files\":40960,\"enable-statistics\":true,\"stats-dump-period\":\"10m\",\"compaction-readahead-size\":\"0KiB\",\"info-log-max-size\":\"1GiB\",\"info-log-roll-time\":\"0s\",\"info-log-keep-log-file-num\":10,\"info-log-dir\":\"\",\"rate-bytes-per-sec\":\"10GiB\",\"rate-limiter-refill-period\":\"100ms\",\"rate-limiter-mode\":2,\"rate-limiter-auto-tuned\":true,\"bytes-per-sync\":\"1MiB\",\"wal-bytes-per-sync\":\"512KiB\",\"max-sub-compactions\":3,\"writable-file-max-buffer-size\":\"1MiB\",\"use-direct-io-for-flush-and-compaction\":false,\"enable-pipelined-write\":true,\"enable-multi-batch-write\":true,\"enable-unordered-write\":false,\"defaultcf\":{\"block-size\":\"64KiB\",\"block-cache-size\":\"4194MiB\",\"disable-block-cache\":false,\"cache-index-and-filter-blocks\":true,\"pin-l0-filter-and-index-blocks\":true,\"use-bloom-filter\":true,\"optimize-filters-for-hits\":true,\"whole-key-filtering\":true,\"bloom-filter-bits-per-key\":10,\"block-based-bloom-filter\":false,\"read-amp-bytes-per-bit\":0,\"compression-per-level\":[\"no\",\"no\",\"lz4\",\"lz4\",\"lz4\",\"zstd\",\"zstd\"],\"write-buffer-size\":\"128MiB\",\"max-write-buffer-number\":5,\"min-write-buffer-number-to-merge\":1,\"max-bytes-for-level-base\":\"512MiB\",\"target-file-size-base\":\"8MiB\",\"level0-file-num-compaction-trigger\":4,\"level0-slowdown-writes-trigger\":20,\"level0-stop-writes-trigger\":36,\"max-compaction-bytes\":\"2GiB\",\"compaction-pri\":3,\"dynamic-level-bytes\":true,\"num-levels\":7,\"max-bytes-for-level-multiplier\":10,\"compaction-style\":0,\"disable-auto-compactions\":false,\"soft-pending-compaction-bytes-limit\":\"192GiB\",\"hard-pending-compaction-bytes-limit\":\"256GiB\",\"force-consistency-checks\":false,\"prop-size-index-distance\":4194304,\"prop-keys-index-distance\":40960,\"enable-doubly-skiplist\":true,\"enable-compaction-guard\":true,\"compaction-guard-min-output-file-size\":\"8MiB\",\"compaction-guard-max-output-file-size\":\"128MiB\",\"bottommost-level-compression\":\"zstd\",\"bottommost-zstd-compression-dict-size\":0,\"bottommost-zstd-compression-sample-size\":0,\"titan\":{\"min-blob-size\":\"1KiB\",\"blob-file-compression\":\"lz4\",\"blob-cache-size\":\"0KiB\",\"min-gc-batch-size\":\"16MiB\",\"max-gc-batch-size\":\"64MiB\",\"discardable-ratio\":0.5,\"sample-ratio\":0.1,\"merge-small-file-threshold\":\"8MiB\",\"blob-run-mode\":\"normal\",\"level-merge\":false,\"range-merge\":true,\"max-sorted-runs\":20,\"gc-merge-rewrite\":false}},\"writecf\":{\"block-size\":\"64KiB\",\"block-cache-size\":\"2516MiB\",\"disable-block-cache\":false,\"cache-index-and-filter-blocks\":true,\"pin-l0-filter-and-index-blocks\":true,\"use-bloom-filter\":true,\"optimize-filters-for-hits\":false,\"whole-key-filtering\":false,\"bloom-filter-bits-per-key\":10,\"block-based-bloom-filter\":false,\"read-amp-bytes-per-bit\":0,\"compression-per-level\":[\"no\",\"no\",\"lz4\",\"lz4\",\"lz4\",\"zstd\",\"zstd\"],\"write-buffer-size\":\"128MiB\",\"max-write-buffer-number\":5,\"min-write-buffer-number-to-merge\":1,\"max-bytes-for-level-base\":\"512MiB\",\"target-file-size-base\":\"8MiB\",\"level0-file-num-compaction-trigger\":4,\"level0-slowdown-writes-trigger\":20,\"level0-stop-writes-trigger\":36,\"max-compaction-bytes\":\"2GiB\",\"compaction-pri\":3,\"dynamic-level-bytes\":true,\"num-levels\":7,\"max-bytes-for-level-multiplier\":10,\"compaction-style\":0,\"disable-auto-compactions\":false,\"soft-pending-compaction-bytes-limit\":\"192GiB\",\"hard-pending-compaction-bytes-limit\":\"256GiB\",\"force-consistency-checks\":false,\"prop-size-index-distance\":4194304,\"prop-keys-index-distance\":40960,\"enable-doubly-skiplist\":true,\"enable-compaction-guard\":true,\"compaction-guard-min-output-file-size\":\"8MiB\",\"compaction-guard-max-output-file-size\":\"128MiB\",\"bottommost-level-compression\":\"zstd\",\"bottommost-zstd-compression-dict-size\":0,\"bottommost-zstd-compression-sample-size\":0,\"titan\":{\"min-blob-size\":\"1KiB\",\"blob-file-compression\":\"lz4\",\"blob-cache-size\":\"0KiB\",\"min-gc-batch-size\":\"16MiB\",\"max-gc-batch-size\":\"64MiB\",\"discardable-ratio\":0.5,\"sample-ratio\":0.1,\"merge-small-file-threshold\":\"8MiB\",\"blob-run-mode\":\"read-only\",\"level-merge\":false,\"range-merge\":true,\"max-sorted-runs\":20,\"gc-merge-rewrite\":false}},\"lockcf\":{\"block-size\":\"16KiB\",\"block-cache-size\":\"335MiB\",\"disable-block-cache\":false,\"cache-index-and-filter-blocks\":true,\"pin-l0-filter-and-index-blocks\":true,\"use-bloom-filter\":true,\"optimize-filters-for-hits\":false,\"whole-key-filtering\":true,\"bloom-filter-bits-per-key\":10,\"block-based-bloom-filter\":false,\"read-amp-bytes-per-bit\":0,\"compression-per-level\":[\"no\",\"no\",\"no\",\"no\",\"no\",\"no\",\"no\"],\"write-buffer-size\":\"32MiB\",\"max-write-buffer-number\":5,\"min-write-buffer-number-to-merge\":1,\"max-bytes-for-level-base\":\"128MiB\",\"target-file-size-base\":\"8MiB\",\"level0-file-num-compaction-trigger\":1,\"level0-slowdown-writes-trigger\":20,\"level0-stop-writes-trigger\":36,\"max-compaction-bytes\":\"2GiB\",\"compaction-pri\":0,\"dynamic-level-bytes\":true,\"num-levels\":7,\"max-bytes-for-level-multiplier\":10,\"compaction-style\":0,\"disable-auto-compactions\":false,\"soft-pending-compaction-bytes-limit\":\"192GiB\",\"hard-pending-compaction-bytes-limit\":\"256GiB\",\"force-consistency-checks\":false,\"prop-size-index-distance\":4194304,\"prop-keys-index-distance\":40960,\"enable-doubly-skiplist\":true,\"enable-compaction-guard\":false,\"compaction-guard-min-output-file-size\":\"8MiB\",\"compaction-guard-max-output-file-size\":\"128MiB\",\"bottommost-level-compression\":\"disable\",\"bottommost-zstd-compression-dict-size\":0,\"bottommost-zstd-compression-sample-size\":0,\"titan\":{\"min-blob-size\":\"1KiB\",\"blob-file-compression\":\"lz4\",\"blob-cache-size\":\"0KiB\",\"min-gc-batch-size\":\"16MiB\",\"max-gc-batch-size\":\"64MiB\",\"discardable-ratio\":0.5,\"sample-ratio\":0.1,\"merge-small-file-threshold\":\"8MiB\",\"blob-run-mode\":\"read-only\",\"level-merge\":false,\"range-merge\":true,\"max-sorted-runs\":20,\"gc-merge-rewrite\":false}},\"raftcf\":{\"block-size\":\"16KiB\",\"block-cache-size\":\"128MiB\",\"disable-block-cache\":false,\"cache-index-and-filter-blocks\":true,\"pin-l0-filter-and-index-blocks\":true,\"use-bloom-filter\":true,\"optimize-filters-for-hits\":true,\"whole-key-filtering\":true,\"bloom-filter-bits-per-key\":10,\"block-based-bloom-filter\":false,\"read-amp-bytes-per-bit\":0,\"compression-per-level\":[\"no\",\"no\",\"no\",\"no\",\"no\",\"no\",\"no\"],\"write-buffer-size\":\"128MiB\",\"max-write-buffer-number\":5,\"min-write-buffer-number-to-merge\":1,\"max-bytes-for-level-base\":\"128MiB\",\"target-file-size-base\":\"8MiB\",\"level0-file-num-compaction-trigger\":1,\"level0-slowdown-writes-trigger\":20,\"level0-stop-writes-trigger\":36,\"max-compaction-bytes\":\"2GiB\",\"compaction-pri\":0,\"dynamic-level-bytes\":true,\"num-levels\":7,\"max-bytes-for-level-multiplier\":10,\"compaction-style\":0,\"disable-auto-compactions\":false,\"soft-pending-compaction-bytes-limit\":\"192GiB\",\"hard-pending-compaction-bytes-limit\":\"256GiB\",\"force-consistency-checks\":false,\"prop-size-index-distance\":4194304,\"prop-keys-index-distance\":40960,\"enable-doubly-skiplist\":true,\"enable-compaction-guard\":false,\"compaction-guard-min-output-file-size\":\"8MiB\",\"compaction-guard-max-output-file-size\":\"128MiB\",\"bottommost-level-compression\":\"disable\",\"bottommost-zstd-compression-dict-size\":0,\"bottommost-zstd-compression-sample-size\":0,\"titan\":{\"min-blob-size\":\"1KiB\",\"blob-file-compression\":\"lz4\",\"blob-cache-size\":\"0KiB\",\"min-gc-batch-size\":\"16MiB\",\"max-gc-batch-size\":\"64MiB\",\"discardable-ratio\":0.5,\"sample-ratio\":0.1,\"merge-small-file-threshold\":\"8MiB\",\"blob-run-mode\":\"read-only\",\"level-merge\":false,\"range-merge\":true,\"max-sorted-runs\":20,\"gc-merge-rewrite\":false}},\"titan\":{\"enabled\":false,\"dirname\":\"\",\"disable-gc\":false,\"max-background-gc\":4,\"purge-obsolete-files-period\":\"10s\"}},\"raftdb\":{\"wal-recovery-mode\":2,\"wal-dir\":\"\",\"wal-ttl-seconds\":0,\"wal-size-limit\":\"0KiB\",\"max-total-wal-size\":\"4GiB\",\"max-background-jobs\":4,\"max-background-flushes\":1,\"max-manifest-file-size\":\"20MiB\",\"create-if-missing\":true,\"max-open-files\":40960,\"enable-statistics\":true,\"stats-dump-period\":\"10m\",\"compaction-readahead-size\":\"0KiB\",\"info-log-max-size\":\"1GiB\",\"info-log-roll-time\":\"0s\",\"info-log-keep-log-file-num\":10,\"info-log-dir\":\"\",\"info-log-level\":\"info\",\"max-sub-compactions\":2,\"writable-file-max-buffer-size\":\"1MiB\",\"use-direct-io-for-flush-and-compaction\":false,\"enable-pipelined-write\":true,\"enable-unordered-write\":false,\"allow-concurrent-memtable-write\":true,\"bytes-per-sync\":\"1MiB\",\"wal-bytes-per-sync\":\"512KiB\",\"defaultcf\":{\"block-size\":\"64KiB\",\"block-cache-size\":\"335MiB\",\"disable-block-cache\":false,\"cache-index-and-filter-blocks\":true,\"pin-l0-filter-and-index-blocks\":true,\"use-bloom-filter\":false,\"optimize-filters-for-hits\":true,\"whole-key-filtering\":true,\"bloom-filter-bits-per-key\":10,\"block-based-bloom-filter\":false,\"read-amp-bytes-per-bit\":0,\"compression-per-level\":[\"no\",\"no\",\"lz4\",\"lz4\",\"lz4\",\"zstd\",\"zstd\"],\"write-buffer-size\":\"128MiB\",\"max-write-buffer-number\":5,\"min-write-buffer-number-to-merge\":1,\"max-bytes-for-level-base\":\"512MiB\",\"target-file-size-base\":\"8MiB\",\"level0-file-num-compaction-trigger\":4,\"level0-slowdown-writes-trigger\":20,\"level0-stop-writes-trigger\":36,\"max-compaction-bytes\":\"2GiB\",\"compaction-pri\":0,\"dynamic-level-bytes\":true,\"num-levels\":7,\"max-bytes-for-level-multiplier\":10,\"compaction-style\":0,\"disable-auto-compactions\":false,\"soft-pending-compaction-bytes-limit\":\"192GiB\",\"hard-pending-compaction-bytes-limit\":\"256GiB\",\"force-consistency-checks\":false,\"prop-size-index-distance\":4194304,\"prop-keys-index-distance\":40960,\"enable-doubly-skiplist\":true,\"enable-compaction-guard\":false,\"compaction-guard-min-output-file-size\":\"8MiB\",\"compaction-guard-max-output-file-size\":\"128MiB\",\"bottommost-level-compression\":\"disable\",\"bottommost-zstd-compression-dict-size\":0,\"bottommost-zstd-compression-sample-size\":0,\"titan\":{\"min-blob-size\":\"1KiB\",\"blob-file-compression\":\"lz4\",\"blob-cache-size\":\"0KiB\",\"min-gc-batch-size\":\"16MiB\",\"max-gc-batch-size\":\"64MiB\",\"discardable-ratio\":0.5,\"sample-ratio\":0.1,\"merge-small-file-threshold\":\"8MiB\",\"blob-run-mode\":\"normal\",\"level-merge\":false,\"range-merge\":true,\"max-sorted-runs\":20,\"gc-merge-rewrite\":false}},\"titan\":{\"enabled\":false,\"dirname\":\"\",\"disable-gc\":false,\"max-background-gc\":4,\"purge-obsolete-files-period\":\"10s\"}},\"raft-engine\":{\"enable\":false,\"dir\":\"/Users/cs/data/tikv0/raft-engine\",\"recovery-mode\":\"tolerate-corrupted-tail-records\",\"bytes-per-sync\":\"256KiB\",\"target-file-size\":\"128MiB\",\"purge-threshold\":\"10GiB\",\"cache-limit\":\"1GiB\",\"batch-compression-threshold\":\"8KiB\"},\"security\":{\"ca-path\":\"\",\"cert-path\":\"\",\"key-path\":\"\",\"cert-allowed-cn\":[],\"redact-info-log\":null,\"encryption\":{\"data-encryption-method\":\"plaintext\",\"data-key-rotation-period\":\"7d\",\"enable-file-dictionary-log\":true,\"file-dictionary-rewrite-threshold\":1000000,\"master-key\":{\"type\":\"plaintext\"},\"previous-master-key\":{\"type\":\"plaintext\"}}},\"import\":{\"num-threads\":8,\"stream-channel-window\":128,\"import-mode-timeout\":\"10m\"},\"backup\":{\"num-threads\":6,\"batch-size\":8,\"sst-max-size\":\"144MiB\"},\"pessimistic-txn\":{\"wait-for-lock-timeout\":\"1s\",\"wake-up-delay-duration\":\"20ms\",\"pipelined\":true},\"gc\":{\"ratio-threshold\":1.1,\"batch-keys\":512,\"max-write-bytes-per-sec\":\"0KiB\",\"enable-compaction-filter\":true,\"compaction-filter-skip-version-check\":false},\"split\":{\"qps-threshold\":3000,\"split-balance-score\":0.25,\"split-contained-score\":0.5,\"detect-times\":10,\"sample-num\":20,\"sample-threshold\":100,\"byte-threshold\":31457280},\"cdc\":{\"min-ts-interval\":\"1s\",\"hibernate-regions-compatible\":true,\"incremental-scan-threads\":4,\"incremental-scan-concurrency\":6,\"incremental-scan-speed-limit\":\"128MiB\",\"sink-memory-quota\":\"512MiB\",\"old-value-cache-memory-quota\":\"512MiB\",\"old-value-cache-size\":0},\"resolved-ts\":{\"enable\":true,\"advance-ts-interval\":\"1s\",\"scan-lock-pool-size\":2},\"resource-metering\":{\"enabled\":false,\"agent-address\":\"\",\"report-agent-interval\":\"1m\",\"max-resource-groups\":2000,\"precision\":\"1s\"}}"]
[2021/07/22 17:53:38.145 +08:00] [INFO] [mod.rs:118] ["encryption: none of key dictionary and file dictionary are found."]
[2021/07/22 17:53:38.148 +08:00] [INFO] [mod.rs:479] ["encryption is disabled."]
[2021/07/22 17:53:38.149 +08:00] [ERROR] [server.rs:997] ["failed to init io snooper"] [err_code=KV:Unknown] [err="\"IO snooper is not started due to not compiling with BCC\""]
[2021/07/22 17:53:38.157 +08:00] [WARN] [config.rs:234] ["Create jemalloc nodump allocator for block cache failed: Not implemented: JemallocNodumpAllocator only available with jemalloc version >= 5 and MADV_DONTDUMP is available., continue with default allocator"]
[2021/07/22 17:53:38.247 +08:00] [INFO] [future.rs:145] ["starting working thread"] [worker=gc-worker]
[2021/07/22 17:53:38.573 +08:00] [INFO] [mod.rs:217] ["Storage started."]
[2021/07/22 17:53:38.609 +08:00] [INFO] [node.rs:175] ["trying to bootstrap cluster"] [region="id: 2 region_epoch { conf_ver: 1 version: 1 } peers { id: 3 store_id: 1 }"] [store_id=1]
[2021/07/22 17:53:38.631 +08:00] [INFO] [node.rs:320] ["bootstrap cluster ok"] [cluster_id=6987686808901614550]
[2021/07/22 17:53:38.633 +08:00] [INFO] [node.rs:184] ["put store to PD"] [store="id: 1 address: \"127.0.0.1:20160\" version: \"5.1.0-alpha\" status_address: \"127.0.0.1:20180\" git_hash: \"304fe9438eed621cd86a26ee614156f12f5ff3b6\" start_timestamp: 1626947618 deploy_path: \"/Users/cs/bin\""]
[2021/07/22 17:53:38.654 +08:00] [INFO] [node.rs:251] ["initializing replication mode"] [store_id=1] [status=Some()]
[2021/07/22 17:53:38.660 +08:00] [INFO] [replication_mode.rs:52] ["associated store labels"] [labels="[]"] [store_id=1]
[2021/07/22 17:53:38.662 +08:00] [INFO] [node.rs:385] ["start raft store thread"] [store_id=1]
[2021/07/22 17:53:38.663 +08:00] [INFO] [snap.rs:1104] ["Initializing SnapManager, encryption is enabled: false"]
[2021/07/22 17:53:38.669 +08:00] [INFO] [peer.rs:216] ["create peer"] [peer_id=3] [region_id=2]
[2021/07/22 17:53:38.674 +08:00] [INFO] [raft.rs:2605] ["switched to configuration"] [config="Configuration { voters: Configuration { incoming: Configuration { voters: {3} }, outgoing: Configuration { voters: {} } }, learners: {}, learners_next: {}, auto_leave: false }"] [raft_id=3] [region_id=2]
[2021/07/22 17:53:38.675 +08:00] [INFO] [raft.rs:1088] ["became follower at term 5"] [term=5] [raft_id=3] [region_id=2]
[2021/07/22 17:53:38.675 +08:00] [INFO] [raft.rs:389] [newRaft] [peers="Configuration { incoming: Configuration { voters: {3} }, outgoing: Configuration { voters: {} } }"] ["last term"=5] ["last index"=5] [applied=5] [commit=5] [term=5] [raft_id=3] [region_id=2]
[2021/07/22 17:53:38.675 +08:00] [INFO] [raw_node.rs:315] ["RawNode created with id 3."] [id=3] [raft_id=3] [region_id=2]
[2021/07/22 17:53:38.676 +08:00] [INFO] [raft.rs:1513] ["starting a new election"] [term=5] [raft_id=3] [region_id=2]
[2021/07/22 17:53:38.676 +08:00] [INFO] [raft.rs:1138] ["became pre-candidate at term 5"] [term=5] [raft_id=3] [region_id=2]
[2021/07/22 17:53:38.676 +08:00] [INFO] [raft.rs:1112] ["became candidate at term 6"] [term=6] [raft_id=3] [region_id=2]
[2021/07/22 17:53:38.676 +08:00] [INFO] [raft.rs:1196] ["became leader at term 6"] [term=6] [raft_id=3] [region_id=2]
[2021/07/22 17:53:38.680 +08:00] [INFO] [store.rs:1038] ["start store"] [takes=12.115038ms] [merge_count=0] [applying_count=0] [tombstone_count=0] [region_count=1] [store_id=1]
[2021/07/22 17:53:38.680 +08:00] [INFO] [store.rs:1086] ["cleans up garbage data"] [takes=201.304µs] [garbage_range_count=2] [store_id=1]
[2021/07/22 17:53:38.689 +08:00] [INFO] [peer.rs:3636] ["require updating max ts"] [initial_status=25769803778] [region_id=2]
[2021/07/22 17:53:38.689 +08:00] [INFO] [future.rs:145] ["starting working thread"] [worker=pd-worker]
[2021/07/22 17:53:38.690 +08:00] [INFO] [gc_worker.rs:795] ["initialize compaction filter to perform GC when necessary"]
[2021/07/22 17:53:38.690 +08:00] [INFO] [compaction_filter.rs:140] ["initialize GC context for compaction filter"]
[2021/07/22 17:53:38.696 +08:00] [INFO] [pd.rs:1109] ["succeed to update max timestamp"] [region_id=2]
[2021/07/22 17:53:38.697 +08:00] [INFO] [endpoint.rs:309] ["register observe region"] [region="id: 2 region_epoch { conf_ver: 1 version: 1 } peers { id: 3 store_id: 1 }"]
[2021/07/22 17:53:38.701 +08:00] [INFO] [future.rs:145] ["starting working thread"] [worker=waiter-manager]
[2021/07/22 17:53:38.701 +08:00] [INFO] [future.rs:145] ["starting working thread"] [worker=deadlock-detector]
[2021/07/22 17:53:38.702 +08:00] [INFO] [deadlock.rs:734] ["became the leader of deadlock detector!"] [self_id=1]
[2021/07/22 17:53:38.702 +08:00] [INFO] [endpoint.rs:233] ["Resolver initialized"] [pending_data_index=0] [snapshot_index=6] [observe_id=ObserveID(0)] [region=2]
[2021/07/22 17:53:38.705 +08:00] [INFO] [server.rs:247] ["listening on addr"] [addr=127.0.0.1:20160]
[2021/07/22 17:53:38.719 +08:00] [INFO] [server.rs:291] ["TiKV is ready to serve"]
[2021/07/22 17:53:48.707 +08:00] [INFO] [client.rs:680] ["set cluster version to 5.1.0-alpha"]
[2021/07/22 17:55:10.952 +08:00] [INFO] [peer.rs:3694] ["on split"] [source=ipv4:127.0.0.1:53563] [split_keys="key 7480000000000000FF0500000000000000F8"] [peer_id=3] [region_id=2]
[2021/07/22 17:55:10.956 +08:00] [INFO] [pd.rs:631] ["try to batch split region"] [task=batch_split] [region="id: 2 region_epoch { conf_ver: 1 version: 1 } peers { id: 3 store_id: 1 }"] [new_region_ids="[new_region_id: 4 new_peer_ids: 5]"] [region_id=2]
[2021/07/22 17:55:10.958 +08:00] [INFO] [apply.rs:1370] ["execute admin command"] [command="cmd_type: BatchSplit splits { requests { split_key: 7480000000000000FF0500000000000000F8 new_region_id: 4 new_peer_ids: 5 } right_derive: true }"] [index=35] [term=6] [peer_id=3] [region_id=2]
[2021/07/22 17:55:10.961 +08:00] [INFO] [apply.rs:2218] ["split region"] [keys="key 7480000000000000FF0500000000000000F8"] [region="id: 2 region_epoch { conf_ver: 1 version: 1 } peers { id: 3 store_id: 1 }"] [peer_id=3] [region_id=2]
[2021/07/22 17:55:10.962 +08:00] [INFO] [endpoint.rs:158] ["region met split/merge command, stop tracking since key range changed, wait for re-register"] [req_type=BatchSplit]
[2021/07/22 17:55:10.962 +08:00] [INFO] [peer.rs:2283] ["notify pd with split"] [split_count=2] [peer_id=3] [region_id=2]
[2021/07/22 17:55:10.963 +08:00] [INFO] [peer.rs:2348] ["insert new region"] [region="id: 4 end_key: 7480000000000000FF0500000000000000F8 region_epoch { conf_ver: 1 version: 2 } peers { id: 5 store_id: 1 }"] [region_id=4]
[2021/07/22 17:55:10.963 +08:00] [INFO] [peer.rs:216] ["create peer"] [peer_id=5] [region_id=4]
[2021/07/22 17:55:10.963 +08:00] [INFO] [raft.rs:2605] ["switched to configuration"] [config="Configuration { voters: Configuration { incoming: Configuration { voters: {5} }, outgoing: Configuration { voters: {} } }, learners: {}, learners_next: {}, auto_leave: false }"] [raft_id=5] [region_id=4]
[2021/07/22 17:55:10.963 +08:00] [INFO] [raft.rs:1088] ["became follower at term 5"] [term=5] [raft_id=5] [region_id=4]
[2021/07/22 17:55:10.963 +08:00] [INFO] [raft.rs:389] [newRaft] [peers="Configuration { incoming: Configuration { voters: {5} }, outgoing: Configuration { voters: {} } }"] ["last term"=5] ["last index"=5] [applied=5] [commit=5] [term=5] [raft_id=5] [region_id=4]
[2021/07/22 17:55:10.963 +08:00] [INFO] [raw_node.rs:315] ["RawNode created with id 5."] [id=5] [raft_id=5] [region_id=4]
[2021/07/22 17:55:10.964 +08:00] [INFO] [raft.rs:1513] ["starting a new election"] [term=5] [raft_id=5] [region_id=4]
[2021/07/22 17:55:10.964 +08:00] [INFO] [raft.rs:1138] ["became pre-candidate at term 5"] [term=5] [raft_id=5] [region_id=4]
[2021/07/22 17:55:10.964 +08:00] [INFO] [raft.rs:1112] ["became candidate at term 6"] [term=6] [raft_id=5] [region_id=4]
[2021/07/22 17:55:10.964 +08:00] [INFO] [raft.rs:1196] ["became leader at term 6"] [term=6] [raft_id=5] [region_id=4]
[2021/07/22 17:55:10.964 +08:00] [INFO] [endpoint.rs:382] ["deregister observe region"] [observe_id=ObserveID(0)] [region_id=2] [store_id=Some(1)]
[2021/07/22 17:55:10.965 +08:00] [INFO] [peer.rs:3636] ["require updating max ts"] [initial_status=25769803780] [region_id=4]
[2021/07/22 17:55:10.965 +08:00] [INFO] [endpoint.rs:309] ["register observe region"] [region="id: 2 start_key: 7480000000000000FF0500000000000000F8 region_epoch { conf_ver: 1 version: 2 } peers { id: 3 store_id: 1 }"]
[2021/07/22 17:55:10.965 +08:00] [INFO] [pd.rs:1109] ["succeed to update max timestamp"] [region_id=4]
[2021/07/22 17:55:10.966 +08:00] [INFO] [endpoint.rs:309] ["register observe region"] [region="id: 4 end_key: 7480000000000000FF0500000000000000F8 region_epoch { conf_ver: 1 version: 2 } peers { id: 5 store_id: 1 }"]
[2021/07/22 17:55:10.966 +08:00] [INFO] [endpoint.rs:233] ["Resolver initialized"] [pending_data_index=0] [snapshot_index=35] [observe_id=ObserveID(1)] [region=2]
[2021/07/22 17:55:10.966 +08:00] [INFO] [endpoint.rs:233] ["Resolver initialized"] [pending_data_index=0] [snapshot_index=6] [observe_id=ObserveID(2)] [region=4]
[2021/07/22 17:55:11.063 +08:00] [INFO] [peer.rs:3694] ["on split"] [source=ipv4:127.0.0.1:53564] [split_keys="key 7480000000000000FF0700000000000000F8"] [peer_id=3] [region_id=2]
[2021/07/22 17:55:11.064 +08:00] [INFO] [pd.rs:631] ["try to batch split region"] [task=batch_split] [region="id: 2 start_key: 7480000000000000FF0500000000000000F8 region_epoch { conf_ver: 1 version: 2 } peers { id: 3 store_id: 1 }"] [new_region_ids="[new_region_id: 6 new_peer_ids: 7]"] [region_id=2]
[2021/07/22 17:55:11.065 +08:00] [INFO] [apply.rs:1370] ["execute admin command"] [command="cmd_type: BatchSplit splits { requests { split_key: 7480000000000000FF0700000000000000F8 new_region_id: 6 new_peer_ids: 7 } right_derive: true }"] [index=36] [term=6] [peer_id=3] [region_id=2]
[2021/07/22 17:55:11.065 +08:00] [INFO] [apply.rs:2218] ["split region"] [keys="key 7480000000000000FF0700000000000000F8"] [region="id: 2 start_key: 7480000000000000FF0500000000000000F8 region_epoch { conf_ver: 1 version: 2 } peers { id: 3 store_id: 1 }"] [peer_id=3] [region_id=2]
[2021/07/22 17:55:11.066 +08:00] [INFO] [endpoint.rs:158] ["region met split/merge command, stop tracking since key range changed, wait for re-register"] [req_type=BatchSplit]
[2021/07/22 17:55:11.066 +08:00] [INFO] [peer.rs:2283] ["notify pd with split"] [split_count=2] [peer_id=3] [region_id=2]
[2021/07/22 17:55:11.066 +08:00] [INFO] [peer.rs:2348] ["insert new region"] [region="id: 6 start_key: 7480000000000000FF0500000000000000F8 end_key: 7480000000000000FF0700000000000000F8 region_epoch { conf_ver: 1 version: 3 } peers { id: 7 store_id: 1 }"] [region_id=6]
[2021/07/22 17:55:11.066 +08:00] [INFO] [peer.rs:216] ["create peer"] [peer_id=7] [region_id=6]
[2021/07/22 17:55:11.067 +08:00] [INFO] [raft.rs:2605] ["switched to configuration"] [config="Configuration { voters: Configuration { incoming: Configuration { voters: {7} }, outgoing: Configuration { voters: {} } }, learners: {}, learners_next: {}, auto_leave: false }"] [raft_id=7] [region_id=6]
[2021/07/22 17:55:11.067 +08:00] [INFO] [raft.rs:1088] ["became follower at term 5"] [term=5] [raft_id=7] [region_id=6]
[2021/07/22 17:55:11.067 +08:00] [INFO] [raft.rs:389] [newRaft] [peers="Configuration { incoming: Configuration { voters: {7} }, outgoing: Configuration { voters: {} } }"] ["last term"=5] ["last index"=5] [applied=5] [commit=5] [term=5] [raft_id=7] [region_id=6]
[2021/07/22 17:55:11.067 +08:00] [INFO] [raw_node.rs:315] ["RawNode created with id 7."] [id=7] [raft_id=7] [region_id=6]
[2021/07/22 17:55:11.067 +08:00] [INFO] [raft.rs:1513] ["starting a new election"] [term=5] [raft_id=7] [region_id=6]
[2021/07/22 17:55:11.067 +08:00] [INFO] [raft.rs:1138] ["became pre-candidate at term 5"] [term=5] [raft_id=7] [region_id=6]
[2021/07/22 17:55:11.067 +08:00] [INFO] [raft.rs:1112] ["became candidate at term 6"] [term=6] [raft_id=7] [region_id=6]
[2021/07/22 17:55:11.068 +08:00] [INFO] [raft.rs:1196] ["became leader at term 6"] [term=6] [raft_id=7] [region_id=6]
[2021/07/22 17:55:11.068 +08:00] [INFO] [endpoint.rs:382] ["deregister observe region"] [observe_id=ObserveID(1)] [region_id=2] [store_id=Some(1)]
[2021/07/22 17:55:11.068 +08:00] [INFO] [endpoint.rs:309] ["register observe region"] [region="id: 2 start_key: 7480000000000000FF0700000000000000F8 region_epoch { conf_ver: 1 version: 3 } peers { id: 3 store_id: 1 }"]
[2021/07/22 17:55:11.068 +08:00] [INFO] [peer.rs:3636] ["require updating max ts"] [initial_status=25769803782] [region_id=6]
[2021/07/22 17:55:11.068 +08:00] [INFO] [pd.rs:1109] ["succeed to update max timestamp"] [region_id=6]
[2021/07/22 17:55:11.069 +08:00] [INFO] [endpoint.rs:233] ["Resolver initialized"] [pending_data_index=0] [snapshot_index=36] [observe_id=ObserveID(3)] [region=2]
[2021/07/22 17:55:11.069 +08:00] [INFO] [endpoint.rs:309] ["register observe region"] [region="id: 6 start_key: 7480000000000000FF0500000000000000F8 end_key: 7480000000000000FF0700000000000000F8 region_epoch { conf_ver: 1 version: 3 } peers { id: 7 store_id: 1 }"]
[2021/07/22 17:55:11.069 +08:00] [INFO] [endpoint.rs:233] ["Resolver initialized"] [pending_data_index=0] [snapshot_index=6] [observe_id=ObserveID(4)] [region=6]
[2021/07/22 17:55:11.154 +08:00] [INFO] [peer.rs:3694] ["on split"] [source=ipv4:127.0.0.1:53565] [split_keys="key 7480000000000000FF0900000000000000F8"] [peer_id=3] [region_id=2]
[2021/07/22 17:55:11.154 +08:00] [INFO] [peer.rs:3777] ["epoch changed, retry later"] [epoch="conf_ver: 1 version: 2"] [prev_epoch="conf_ver: 1 version: 3"] [peer_id=3] [region_id=2]
[2021/07/22 17:55:11.157 +08:00] [INFO] [peer.rs:3694] ["on split"] [source=ipv4:127.0.0.1:53562] [split_keys="key 7480000000000000FF0900000000000000F8"] [peer_id=3] [region_id=2]
[2021/07/22 17:55:11.158 +08:00] [INFO] [pd.rs:631] ["try to batch split region"] [task=batch_split] [region="id: 2 start_key: 7480000000000000FF0700000000000000F8 region_epoch { conf_ver: 1 version: 3 } peers { id: 3 store_id: 1 }"] [new_region_ids="[new_region_id: 8 new_peer_ids: 9]"] [region_id=2]
[2021/07/22 17:55:11.167 +08:00] [INFO] [apply.rs:1370] ["execute admin command"] [command="cmd_type: BatchSplit splits { requests { split_key: 7480000000000000FF0900000000000000F8 new_region_id: 8 new_peer_ids: 9 } right_derive: true }"] [index=37] [term=6] [peer_id=3] [region_id=2]
[2021/07/22 17:55:11.167 +08:00] [INFO] [apply.rs:2218] ["split region"] [keys="key 7480000000000000FF0900000000000000F8"] [region="id: 2 start_key: 7480000000000000FF0700000000000000F8 region_epoch { conf_ver: 1 version: 3 } peers { id: 3 store_id: 1 }"] [peer_id=3] [region_id=2]
[2021/07/22 17:55:11.168 +08:00] [INFO] [endpoint.rs:158] ["region met split/merge command, stop tracking since key range changed, wait for re-register"] [req_type=BatchSplit]
[2021/07/22 17:55:11.168 +08:00] [INFO] [peer.rs:2283] ["notify pd with split"] [split_count=2] [peer_id=3] [region_id=2]
[2021/07/22 17:55:11.168 +08:00] [INFO] [peer.rs:2348] ["insert new region"] [region="id: 8 start_key: 7480000000000000FF0700000000000000F8 end_key: 7480000000000000FF0900000000000000F8 region_epoch { conf_ver: 1 version: 4 } peers { id: 9 store_id: 1 }"] [region_id=8]
[2021/07/22 17:55:11.168 +08:00] [INFO] [peer.rs:216] ["create peer"] [peer_id=9] [region_id=8]
[2021/07/22 17:55:11.169 +08:00] [INFO] [raft.rs:2605] ["switched to configuration"] [config="Configuration { voters: Configuration { incoming: Configuration { voters: {9} }, outgoing: Configuration { voters: {} } }, learners: {}, learners_next: {}, auto_leave: false }"] [raft_id=9] [region_id=8]
[2021/07/22 17:55:11.169 +08:00] [INFO] [raft.rs:1088] ["became follower at term 5"] [term=5] [raft_id=9] [region_id=8]
[2021/07/22 17:55:11.169 +08:00] [INFO] [raft.rs:389] [newRaft] [peers="Configuration { incoming: Configuration { voters: {9} }, outgoing: Configuration { voters: {} } }"] ["last term"=5] ["last index"=5] [applied=5] [commit=5] [term=5] [raft_id=9] [region_id=8]
[2021/07/22 17:55:11.169 +08:00] [INFO] [raw_node.rs:315] ["RawNode created with id 9."] [id=9] [raft_id=9] [region_id=8]
[2021/07/22 17:55:11.169 +08:00] [INFO] [raft.rs:1513] ["starting a new election"] [term=5] [raft_id=9] [region_id=8]
[2021/07/22 17:55:11.169 +08:00] [INFO] [raft.rs:1138] ["became pre-candidate at term 5"] [term=5] [raft_id=9] [region_id=8]
[2021/07/22 17:55:11.170 +08:00] [INFO] [raft.rs:1112] ["became candidate at term 6"] [term=6] [raft_id=9] [region_id=8]
[2021/07/22 17:55:11.170 +08:00] [INFO] [raft.rs:1196] ["became leader at term 6"] [term=6] [raft_id=9] [region_id=8]
[2021/07/22 17:55:11.170 +08:00] [INFO] [peer.rs:3636] ["require updating max ts"] [initial_status=25769803784] [region_id=8]
[2021/07/22 17:55:11.171 +08:00] [INFO] [endpoint.rs:382] ["deregister observe region"] [observe_id=ObserveID(3)] [region_id=2] [store_id=Some(1)]
[2021/07/22 17:55:11.171 +08:00] [INFO] [endpoint.rs:309] ["register observe region"] [region="id: 2 start_key: 7480000000000000FF0900000000000000F8 region_epoch { conf_ver: 1 version: 4 } peers { id: 3 store_id: 1 }"]
[2021/07/22 17:55:11.171 +08:00] [INFO] [pd.rs:1109] ["succeed to update max timestamp"] [region_id=8]
[2021/07/22 17:55:11.171 +08:00] [INFO] [endpoint.rs:309] ["register observe region"] [region="id: 8 start_key: 7480000000000000FF0700000000000000F8 end_key: 7480000000000000FF0900000000000000F8 region_epoch { conf_ver: 1 version: 4 } peers { id: 9 store_id: 1 }"]
[2021/07/22 17:55:11.172 +08:00] [INFO] [endpoint.rs:233] ["Resolver initialized"] [pending_data_index=0] [snapshot_index=37] [observe_id=ObserveID(5)] [region=2]
[2021/07/22 17:55:11.172 +08:00] [INFO] [endpoint.rs:233] ["Resolver initialized"] [pending_data_index=0] [snapshot_index=6] [observe_id=ObserveID(6)] [region=8]
[2021/07/22 17:55:11.263 +08:00] [INFO] [peer.rs:3694] ["on split"] [source=ipv4:127.0.0.1:53563] [split_keys="key 7480000000000000FF0B00000000000000F8"] [peer_id=3] [region_id=2]
[2021/07/22 17:55:11.263 +08:00] [INFO] [peer.rs:3777] ["epoch changed, retry later"] [epoch="conf_ver: 1 version: 3"] [prev_epoch="conf_ver: 1 version: 4"] [peer_id=3] [region_id=2]
[2021/07/22 17:55:11.266 +08:00] [INFO] [peer.rs:3694] ["on split"] [source=ipv4:127.0.0.1:53564] [split_keys="key 7480000000000000FF0B00000000000000F8"] [peer_id=3] [region_id=2]
[2021/07/22 17:55:11.267 +08:00] [INFO] [pd.rs:631] ["try to batch split region"] [task=batch_split] [region="id: 2 start_key: 7480000000000000FF0900000000000000F8 region_epoch { conf_ver: 1 version: 4 } peers { id: 3 store_id: 1 }"] [new_region_ids="[new_region_id: 10 new_peer_ids: 11]"] [region_id=2]
[2021/07/22 17:55:11.269 +08:00] [INFO] [apply.rs:1370] ["execute admin command"] [command="cmd_type: BatchSplit splits { requests { split_key: 7480000000000000FF0B00000000000000F8 new_region_id: 10 new_peer_ids: 11 } right_derive: true }"] [index=38] [term=6] [peer_id=3] [region_id=2]
[2021/07/22 17:55:11.275 +08:00] [INFO] [apply.rs:2218] ["split region"] [keys="key 7480000000000000FF0B00000000000000F8"] [region="id: 2 start_key: 7480000000000000FF0900000000000000F8 region_epoch { conf_ver: 1 version: 4 } peers { id: 3 store_id: 1 }"] [peer_id=3] [region_id=2]
[2021/07/22 17:55:11.276 +08:00] [INFO] [endpoint.rs:158] ["region met split/merge command, stop tracking since key range changed, wait for re-register"] [req_type=BatchSplit]
[2021/07/22 17:55:11.276 +08:00] [INFO] [peer.rs:2283] ["notify pd with split"] [split_count=2] [peer_id=3] [region_id=2]
[2021/07/22 17:55:11.276 +08:00] [INFO] [peer.rs:2348] ["insert new region"] [region="id: 10 start_key: 7480000000000000FF0900000000000000F8 end_key: 7480000000000000FF0B00000000000000F8 region_epoch { conf_ver: 1 version: 5 } peers { id: 11 store_id: 1 }"] [region_id=10]
[2021/07/22 17:55:11.276 +08:00] [INFO] [peer.rs:216] ["create peer"] [peer_id=11] [region_id=10]
[2021/07/22 17:55:11.276 +08:00] [INFO] [raft.rs:2605] ["switched to configuration"] [config="Configuration { voters: Configuration { incoming: Configuration { voters: {11} }, outgoing: Configuration { voters: {} } }, learners: {}, learners_next: {}, auto_leave: false }"] [raft_id=11] [region_id=10]
[2021/07/22 17:55:11.276 +08:00] [INFO] [raft.rs:1088] ["became follower at term 5"] [term=5] [raft_id=11] [region_id=10]
[2021/07/22 17:55:11.276 +08:00] [INFO] [raft.rs:389] [newRaft] [peers="Configuration { incoming: Configuration { voters: {11} }, outgoing: Configuration { voters: {} } }"] ["last term"=5] ["last index"=5] [applied=5] [commit=5] [term=5] [raft_id=11] [region_id=10]
[2021/07/22 17:55:11.277 +08:00] [INFO] [raw_node.rs:315] ["RawNode created with id 11."] [id=11] [raft_id=11] [region_id=10]
[2021/07/22 17:55:11.277 +08:00] [INFO] [raft.rs:1513] ["starting a new election"] [term=5] [raft_id=11] [region_id=10]
[2021/07/22 17:55:11.277 +08:00] [INFO] [raft.rs:1138] ["became pre-candidate at term 5"] [term=5] [raft_id=11] [region_id=10]
[2021/07/22 17:55:11.277 +08:00] [INFO] [raft.rs:1112] ["became candidate at term 6"] [term=6] [raft_id=11] [region_id=10]
[2021/07/22 17:55:11.277 +08:00] [INFO] [raft.rs:1196] ["became leader at term 6"] [term=6] [raft_id=11] [region_id=10]
[2021/07/22 17:55:11.277 +08:00] [INFO] [endpoint.rs:382] ["deregister observe region"] [observe_id=ObserveID(5)] [region_id=2] [store_id=Some(1)]
[2021/07/22 17:55:11.277 +08:00] [INFO] [endpoint.rs:309] ["register observe region"] [region="id: 2 start_key: 7480000000000000FF0B00000000000000F8 region_epoch { conf_ver: 1 version: 5 } peers { id: 3 store_id: 1 }"]
[2021/07/22 17:55:11.277 +08:00] [INFO] [peer.rs:3636] ["require updating max ts"] [initial_status=25769803786] [region_id=10]
[2021/07/22 17:55:11.278 +08:00] [INFO] [pd.rs:1109] ["succeed to update max timestamp"] [region_id=10]
[2021/07/22 17:55:11.278 +08:00] [INFO] [endpoint.rs:309] ["register observe region"] [region="id: 10 start_key: 7480000000000000FF0900000000000000F8 end_key: 7480000000000000FF0B00000000000000F8 region_epoch { conf_ver: 1 version: 5 } peers { id: 11 store_id: 1 }"]
[2021/07/22 17:55:11.278 +08:00] [INFO] [endpoint.rs:233] ["Resolver initialized"] [pending_data_index=0] [snapshot_index=38] [observe_id=ObserveID(7)] [region=2]
[2021/07/22 17:55:11.278 +08:00] [INFO] [endpoint.rs:233] ["Resolver initialized"] [pending_data_index=0] [snapshot_index=6] [observe_id=ObserveID(8)] [region=10]
[2021/07/22 17:55:11.368 +08:00] [INFO] [peer.rs:3694] ["on split"] [source=ipv4:127.0.0.1:53565] [split_keys="key 7480000000000000FF0D00000000000000F8"] [peer_id=3] [region_id=2]
[2021/07/22 17:55:11.368 +08:00] [INFO] [peer.rs:3777] ["epoch changed, retry later"] [epoch="conf_ver: 1 version: 4"] [prev_epoch="conf_ver: 1 version: 5"] [peer_id=3] [region_id=2]
[2021/07/22 17:55:11.370 +08:00] [INFO] [peer.rs:3694] ["on split"] [source=ipv4:127.0.0.1:53562] [split_keys="key 7480000000000000FF0D00000000000000F8"] [peer_id=3] [region_id=2]
[2021/07/22 17:55:11.371 +08:00] [INFO] [pd.rs:631] ["try to batch split region"] [task=batch_split] [region="id: 2 start_key: 7480000000000000FF0B00000000000000F8 region_epoch { conf_ver: 1 version: 5 } peers { id: 3 store_id: 1 }"] [new_region_ids="[new_region_id: 12 new_peer_ids: 13]"] [region_id=2]
[2021/07/22 17:55:11.372 +08:00] [INFO] [apply.rs:1370] ["execute admin command"] [command="cmd_type: BatchSplit splits { requests { split_key: 7480000000000000FF0D00000000000000F8 new_region_id: 12 new_peer_ids: 13 } right_derive: true }"] [index=39] [term=6] [peer_id=3] [region_id=2]
[2021/07/22 17:55:11.372 +08:00] [INFO] [apply.rs:2218] ["split region"] [keys="key 7480000000000000FF0D00000000000000F8"] [region="id: 2 start_key: 7480000000000000FF0B00000000000000F8 region_epoch { conf_ver: 1 version: 5 } peers { id: 3 store_id: 1 }"] [peer_id=3] [region_id=2]
[2021/07/22 17:55:11.373 +08:00] [INFO] [endpoint.rs:158] ["region met split/merge command, stop tracking since key range changed, wait for re-register"] [req_type=BatchSplit]
[2021/07/22 17:55:11.379 +08:00] [INFO] [peer.rs:2283] ["notify pd with split"] [split_count=2] [peer_id=3] [region_id=2]
[2021/07/22 17:55:11.382 +08:00] [INFO] [peer.rs:2348] ["insert new region"] [region="id: 12 start_key: 7480000000000000FF0B00000000000000F8 end_key: 7480000000000000FF0D00000000000000F8 region_epoch { conf_ver: 1 version: 6 } peers { id: 13 store_id: 1 }"] [region_id=12]
[2021/07/22 17:55:11.382 +08:00] [INFO] [peer.rs:216] ["create peer"] [peer_id=13] [region_id=12]
[2021/07/22 17:55:11.382 +08:00] [INFO] [raft.rs:2605] ["switched to configuration"] [config="Configuration { voters: Configuration { incoming: Configuration { voters: {13} }, outgoing: Configuration { voters: {} } }, learners: {}, learners_next: {}, auto_leave: false }"] [raft_id=13] [region_id=12]
[2021/07/22 17:55:11.382 +08:00] [INFO] [raft.rs:1088] ["became follower at term 5"] [term=5] [raft_id=13] [region_id=12]
[2021/07/22 17:55:11.382 +08:00] [INFO] [raft.rs:389] [newRaft] [peers="Configuration { incoming: Configuration { voters: {13} }, outgoing: Configuration { voters: {} } }"] ["last term"=5] ["last index"=5] [applied=5] [commit=5] [term=5] [raft_id=13] [region_id=12]
[2021/07/22 17:55:11.382 +08:00] [INFO] [raw_node.rs:315] ["RawNode created with id 13."] [id=13] [raft_id=13] [region_id=12]
[2021/07/22 17:55:11.382 +08:00] [INFO] [raft.rs:1513] ["starting a new election"] [term=5] [raft_id=13] [region_id=12]
[2021/07/22 17:55:11.382 +08:00] [INFO] [raft.rs:1138] ["became pre-candidate at term 5"] [term=5] [raft_id=13] [region_id=12]
[2021/07/22 17:55:11.382 +08:00] [INFO] [raft.rs:1112] ["became candidate at term 6"] [term=6] [raft_id=13] [region_id=12]
[2021/07/22 17:55:11.382 +08:00] [INFO] [raft.rs:1196] ["became leader at term 6"] [term=6] [raft_id=13] [region_id=12]
[2021/07/22 17:55:11.382 +08:00] [INFO] [endpoint.rs:382] ["deregister observe region"] [observe_id=ObserveID(7)] [region_id=2] [store_id=Some(1)]
[2021/07/22 17:55:11.383 +08:00] [INFO] [peer.rs:3636] ["require updating max ts"] [initial_status=25769803788] [region_id=12]
[2021/07/22 17:55:11.383 +08:00] [INFO] [endpoint.rs:309] ["register observe region"] [region="id: 2 start_key: 7480000000000000FF0D00000000000000F8 region_epoch { conf_ver: 1 version: 6 } peers { id: 3 store_id: 1 }"]
[2021/07/22 17:55:11.383 +08:00] [INFO] [pd.rs:1109] ["succeed to update max timestamp"] [region_id=12]
[2021/07/22 17:55:11.386 +08:00] [INFO] [endpoint.rs:233] ["Resolver initialized"] [pending_data_index=0] [snapshot_index=39] [observe_id=ObserveID(9)] [region=2]
[2021/07/22 17:55:11.386 +08:00] [INFO] [endpoint.rs:309] ["register observe region"] [region="id: 12 start_key: 7480000000000000FF0B00000000000000F8 end_key: 7480000000000000FF0D00000000000000F8 region_epoch { conf_ver: 1 version: 6 } peers { id: 13 store_id: 1 }"]
[2021/07/22 17:55:11.386 +08:00] [INFO] [endpoint.rs:233] ["Resolver initialized"] [pending_data_index=0] [snapshot_index=6] [observe_id=ObserveID(10)] [region=12]
[2021/07/22 17:55:11.469 +08:00] [INFO] [peer.rs:3694] ["on split"] [source=ipv4:127.0.0.1:53563] [split_keys="key 7480000000000000FF0F00000000000000F8"] [peer_id=3] [region_id=2]
[2021/07/22 17:55:11.470 +08:00] [INFO] [peer.rs:3777] ["epoch changed, retry later"] [epoch="conf_ver: 1 version: 5"] [prev_epoch="conf_ver: 1 version: 6"] [peer_id=3] [region_id=2]
[2021/07/22 17:55:11.472 +08:00] [INFO] [peer.rs:3694] ["on split"] [source=ipv4:127.0.0.1:53564] [split_keys="key 7480000000000000FF0F00000000000000F8"] [peer_id=3] [region_id=2]
[2021/07/22 17:55:11.473 +08:00] [INFO] [pd.rs:631] ["try to batch split region"] [task=batch_split] [region="id: 2 start_key: 7480000000000000FF0D00000000000000F8 region_epoch { conf_ver: 1 version: 6 } peers { id: 3 store_id: 1 }"] [new_region_ids="[new_region_id: 14 new_peer_ids: 15]"] [region_id=2]
[2021/07/22 17:55:11.474 +08:00] [INFO] [apply.rs:1370] ["execute admin command"] [command="cmd_type: BatchSplit splits { requests { split_key: 7480000000000000FF0F00000000000000F8 new_region_id: 14 new_peer_ids: 15 } right_derive: true }"] [index=40] [term=6] [peer_id=3] [region_id=2]
[2021/07/22 17:55:11.474 +08:00] [INFO] [apply.rs:2218] ["split region"] [keys="key 7480000000000000FF0F00000000000000F8"] [region="id: 2 start_key: 7480000000000000FF0D00000000000000F8 region_epoch { conf_ver: 1 version: 6 } peers { id: 3 store_id: 1 }"] [peer_id=3] [region_id=2]
[2021/07/22 17:55:11.475 +08:00] [INFO] [endpoint.rs:158] ["region met split/merge command, stop tracking since key range changed, wait for re-register"] [req_type=BatchSplit]
[2021/07/22 17:55:11.475 +08:00] [INFO] [peer.rs:2283] ["notify pd with split"] [split_count=2] [peer_id=3] [region_id=2]
[2021/07/22 17:55:11.475 +08:00] [INFO] [peer.rs:2348] ["insert new region"] [region="id: 14 start_key: 7480000000000000FF0D00000000000000F8 end_key: 7480000000000000FF0F00000000000000F8 region_epoch { conf_ver: 1 version: 7 } peers { id: 15 store_id: 1 }"] [region_id=14]
[2021/07/22 17:55:11.476 +08:00] [INFO] [peer.rs:216] ["create peer"] [peer_id=15] [region_id=14]
[2021/07/22 17:55:11.476 +08:00] [INFO] [raft.rs:2605] ["switched to configuration"] [config="Configuration { voters: Configuration { incoming: Configuration { voters: {15} }, outgoing: Configuration { voters: {} } }, learners: {}, learners_next: {}, auto_leave: false }"] [raft_id=15] [region_id=14]
[2021/07/22 17:55:11.476 +08:00] [INFO] [raft.rs:1088] ["became follower at term 5"] [term=5] [raft_id=15] [region_id=14]
[2021/07/22 17:55:11.476 +08:00] [INFO] [raft.rs:389] [newRaft] [peers="Configuration { incoming: Configuration { voters: {15} }, outgoing: Configuration { voters: {} } }"] ["last term"=5] ["last index"=5] [applied=5] [commit=5] [term=5] [raft_id=15] [region_id=14]
[2021/07/22 17:55:11.476 +08:00] [INFO] [raw_node.rs:315] ["RawNode created with id 15."] [id=15] [raft_id=15] [region_id=14]
[2021/07/22 17:55:11.476 +08:00] [INFO] [raft.rs:1513] ["starting a new election"] [term=5] [raft_id=15] [region_id=14]
[2021/07/22 17:55:11.476 +08:00] [INFO] [raft.rs:1138] ["became pre-candidate at term 5"] [term=5] [raft_id=15] [region_id=14]
[2021/07/22 17:55:11.476 +08:00] [INFO] [raft.rs:1112] ["became candidate at term 6"] [term=6] [raft_id=15] [region_id=14]
[2021/07/22 17:55:11.477 +08:00] [INFO] [raft.rs:1196] ["became leader at term 6"] [term=6] [raft_id=15] [region_id=14]
[2021/07/22 17:55:11.477 +08:00] [INFO] [endpoint.rs:382] ["deregister observe region"] [observe_id=ObserveID(9)] [region_id=2] [store_id=Some(1)]
[2021/07/22 17:55:11.477 +08:00] [INFO] [endpoint.rs:309] ["register observe region"] [region="id: 2 start_key: 7480000000000000FF0F00000000000000F8 region_epoch { conf_ver: 1 version: 7 } peers { id: 3 store_id: 1 }"]
[2021/07/22 17:55:11.477 +08:00] [INFO] [peer.rs:3636] ["require updating max ts"] [initial_status=25769803790] [region_id=14]
[2021/07/22 17:55:11.477 +08:00] [INFO] [endpoint.rs:233] ["Resolver initialized"] [pending_data_index=0] [snapshot_index=40] [observe_id=ObserveID(11)] [region=2]
[2021/07/22 17:55:11.477 +08:00] [INFO] [pd.rs:1109] ["succeed to update max timestamp"] [region_id=14]
[2021/07/22 17:55:11.478 +08:00] [INFO] [endpoint.rs:309] ["register observe region"] [region="id: 14 start_key: 7480000000000000FF0D00000000000000F8 end_key: 7480000000000000FF0F00000000000000F8 region_epoch { conf_ver: 1 version: 7 } peers { id: 15 store_id: 1 }"]
[2021/07/22 17:55:11.478 +08:00] [INFO] [endpoint.rs:233] ["Resolver initialized"] [pending_data_index=0] [snapshot_index=6] [observe_id=ObserveID(12)] [region=14]
[2021/07/22 17:55:11.586 +08:00] [INFO] [peer.rs:3694] ["on split"] [source=ipv4:127.0.0.1:53565] [split_keys="key 7480000000000000FF1100000000000000F8"] [peer_id=3] [region_id=2]
[2021/07/22 17:55:11.586 +08:00] [INFO] [peer.rs:3777] ["epoch changed, retry later"] [epoch="conf_ver: 1 version: 6"] [prev_epoch="conf_ver: 1 version: 7"] [peer_id=3] [region_id=2]
[2021/07/22 17:55:11.589 +08:00] [INFO] [peer.rs:3694] ["on split"] [source=ipv4:127.0.0.1:53562] [split_keys="key 7480000000000000FF1100000000000000F8"] [peer_id=3] [region_id=2]
[2021/07/22 17:55:11.589 +08:00] [INFO] [pd.rs:631] ["try to batch split region"] [task=batch_split] [region="id: 2 start_key: 7480000000000000FF0F00000000000000F8 region_epoch { conf_ver: 1 version: 7 } peers { id: 3 store_id: 1 }"] [new_region_ids="[new_region_id: 16 new_peer_ids: 17]"] [region_id=2]
[2021/07/22 17:55:11.590 +08:00] [INFO] [apply.rs:1370] ["execute admin command"] [command="cmd_type: BatchSplit splits { requests { split_key: 7480000000000000FF1100000000000000F8 new_region_id: 16 new_peer_ids: 17 } right_derive: true }"] [index=41] [term=6] [peer_id=3] [region_id=2]
[2021/07/22 17:55:11.590 +08:00] [INFO] [apply.rs:2218] ["split region"] [keys="key 7480000000000000FF1100000000000000F8"] [region="id: 2 start_key: 7480000000000000FF0F00000000000000F8 region_epoch { conf_ver: 1 version: 7 } peers { id: 3 store_id: 1 }"] [peer_id=3] [region_id=2]
[2021/07/22 17:55:11.597 +08:00] [INFO] [endpoint.rs:158] ["region met split/merge command, stop tracking since key range changed, wait for re-register"] [req_type=BatchSplit]
[2021/07/22 17:55:11.599 +08:00] [INFO] [peer.rs:2283] ["notify pd with split"] [split_count=2] [peer_id=3] [region_id=2]
[2021/07/22 17:55:11.600 +08:00] [INFO] [peer.rs:2348] ["insert new region"] [region="id: 16 start_key: 7480000000000000FF0F00000000000000F8 end_key: 7480000000000000FF1100000000000000F8 region_epoch { conf_ver: 1 version: 8 } peers { id: 17 store_id: 1 }"] [region_id=16]
[2021/07/22 17:55:11.600 +08:00] [INFO] [peer.rs:216] ["create peer"] [peer_id=17] [region_id=16]
[2021/07/22 17:55:11.600 +08:00] [INFO] [raft.rs:2605] ["switched to configuration"] [config="Configuration { voters: Configuration { incoming: Configuration { voters: {17} }, outgoing: Configuration { voters: {} } }, learners: {}, learners_next: {}, auto_leave: false }"] [raft_id=17] [region_id=16]
[2021/07/22 17:55:11.600 +08:00] [INFO] [raft.rs:1088] ["became follower at term 5"] [term=5] [raft_id=17] [region_id=16]
[2021/07/22 17:55:11.600 +08:00] [INFO] [raft.rs:389] [newRaft] [peers="Configuration { incoming: Configuration { voters: {17} }, outgoing: Configuration { voters: {} } }"] ["last term"=5] ["last index"=5] [applied=5] [commit=5] [term=5] [raft_id=17] [region_id=16]
[2021/07/22 17:55:11.600 +08:00] [INFO] [raw_node.rs:315] ["RawNode created with id 17."] [id=17] [raft_id=17] [region_id=16]
[2021/07/22 17:55:11.600 +08:00] [INFO] [raft.rs:1513] ["starting a new election"] [term=5] [raft_id=17] [region_id=16]
[2021/07/22 17:55:11.600 +08:00] [INFO] [raft.rs:1138] ["became pre-candidate at term 5"] [term=5] [raft_id=17] [region_id=16]
[2021/07/22 17:55:11.600 +08:00] [INFO] [raft.rs:1112] ["became candidate at term 6"] [term=6] [raft_id=17] [region_id=16]
[2021/07/22 17:55:11.600 +08:00] [INFO] [raft.rs:1196] ["became leader at term 6"] [term=6] [raft_id=17] [region_id=16]
[2021/07/22 17:55:11.600 +08:00] [INFO] [endpoint.rs:382] ["deregister observe region"] [observe_id=ObserveID(11)] [region_id=2] [store_id=Some(1)]
[2021/07/22 17:55:11.602 +08:00] [INFO] [endpoint.rs:309] ["register observe region"] [region="id: 2 start_key: 7480000000000000FF1100000000000000F8 region_epoch { conf_ver: 1 version: 8 } peers { id: 3 store_id: 1 }"]
[2021/07/22 17:55:11.602 +08:00] [INFO] [peer.rs:3636] ["require updating max ts"] [initial_status=25769803792] [region_id=16]
[2021/07/22 17:55:11.602 +08:00] [INFO] [pd.rs:1109] ["succeed to update max timestamp"] [region_id=16]
[2021/07/22 17:55:11.602 +08:00] [INFO] [endpoint.rs:233] ["Resolver initialized"] [pending_data_index=0] [snapshot_index=41] [observe_id=ObserveID(13)] [region=2]
[2021/07/22 17:55:11.603 +08:00] [INFO] [endpoint.rs:309] ["register observe region"] [region="id: 16 start_key: 7480000000000000FF0F00000000000000F8 end_key: 7480000000000000FF1100000000000000F8 region_epoch { conf_ver: 1 version: 8 } peers { id: 17 store_id: 1 }"]
[2021/07/22 17:55:11.603 +08:00] [INFO] [endpoint.rs:233] ["Resolver initialized"] [pending_data_index=0] [snapshot_index=6] [observe_id=ObserveID(14)] [region=16]
[2021/07/22 17:55:11.688 +08:00] [INFO] [peer.rs:3694] ["on split"] [source=ipv4:127.0.0.1:53563] [split_keys="key 7480000000000000FF1300000000000000F8"] [peer_id=3] [region_id=2]
[2021/07/22 17:55:11.688 +08:00] [INFO] [peer.rs:3777] ["epoch changed, retry later"] [epoch="conf_ver: 1 version: 7"] [prev_epoch="conf_ver: 1 version: 8"] [peer_id=3] [region_id=2]
[2021/07/22 17:55:11.691 +08:00] [INFO] [peer.rs:3694] ["on split"] [source=ipv4:127.0.0.1:53564] [split_keys="key 7480000000000000FF1300000000000000F8"] [peer_id=3] [region_id=2]
[2021/07/22 17:55:11.692 +08:00] [INFO] [pd.rs:631] ["try to batch split region"] [task=batch_split] [region="id: 2 start_key: 7480000000000000FF1100000000000000F8 region_epoch { conf_ver: 1 version: 8 } peers { id: 3 store_id: 1 }"] [new_region_ids="[new_region_id: 18 new_peer_ids: 19]"] [region_id=2]
[2021/07/22 17:55:11.693 +08:00] [INFO] [apply.rs:1370] ["execute admin command"] [command="cmd_type: BatchSplit splits { requests { split_key: 7480000000000000FF1300000000000000F8 new_region_id: 18 new_peer_ids: 19 } right_derive: true }"] [index=42] [term=6] [peer_id=3] [region_id=2]
[2021/07/22 17:55:11.693 +08:00] [INFO] [apply.rs:2218] ["split region"] [keys="key 7480000000000000FF1300000000000000F8"] [region="id: 2 start_key: 7480000000000000FF1100000000000000F8 region_epoch { conf_ver: 1 version: 8 } peers { id: 3 store_id: 1 }"] [peer_id=3] [region_id=2]
[2021/07/22 17:55:11.693 +08:00] [INFO] [endpoint.rs:158] ["region met split/merge command, stop tracking since key range changed, wait for re-register"] [req_type=BatchSplit]
[2021/07/22 17:55:11.694 +08:00] [INFO] [peer.rs:2283] ["notify pd with split"] [split_count=2] [peer_id=3] [region_id=2]
[2021/07/22 17:55:11.694 +08:00] [INFO] [peer.rs:2348] ["insert new region"] [region="id: 18 start_key: 7480000000000000FF1100000000000000F8 end_key: 7480000000000000FF1300000000000000F8 region_epoch { conf_ver: 1 version: 9 } peers { id: 19 store_id: 1 }"] [region_id=18]
[2021/07/22 17:55:11.694 +08:00] [INFO] [peer.rs:216] ["create peer"] [peer_id=19] [region_id=18]
[2021/07/22 17:55:11.694 +08:00] [INFO] [raft.rs:2605] ["switched to configuration"] [config="Configuration { voters: Configuration { incoming: Configuration { voters: {19} }, outgoing: Configuration { voters: {} } }, learners: {}, learners_next: {}, auto_leave: false }"] [raft_id=19] [region_id=18]
[2021/07/22 17:55:11.694 +08:00] [INFO] [raft.rs:1088] ["became follower at term 5"] [term=5] [raft_id=19] [region_id=18]
[2021/07/22 17:55:11.694 +08:00] [INFO] [raft.rs:389] [newRaft] [peers="Configuration { incoming: Configuration { voters: {19} }, outgoing: Configuration { voters: {} } }"] ["last term"=5] ["last index"=5] [applied=5] [commit=5] [term=5] [raft_id=19] [region_id=18]
[2021/07/22 17:55:11.694 +08:00] [INFO] [raw_node.rs:315] ["RawNode created with id 19."] [id=19] [raft_id=19] [region_id=18]
[2021/07/22 17:55:11.695 +08:00] [INFO] [raft.rs:1513] ["starting a new election"] [term=5] [raft_id=19] [region_id=18]
[2021/07/22 17:55:11.695 +08:00] [INFO] [raft.rs:1138] ["became pre-candidate at term 5"] [term=5] [raft_id=19] [region_id=18]
[2021/07/22 17:55:11.695 +08:00] [INFO] [raft.rs:1112] ["became candidate at term 6"] [term=6] [raft_id=19] [region_id=18]
[2021/07/22 17:55:11.695 +08:00] [INFO] [raft.rs:1196] ["became leader at term 6"] [term=6] [raft_id=19] [region_id=18]
[2021/07/22 17:55:11.695 +08:00] [INFO] [peer.rs:3636] ["require updating max ts"] [initial_status=25769803794] [region_id=18]
[2021/07/22 17:55:11.695 +08:00] [INFO] [endpoint.rs:382] ["deregister observe region"] [observe_id=ObserveID(13)] [region_id=2] [store_id=Some(1)]
[2021/07/22 17:55:11.695 +08:00] [INFO] [endpoint.rs:309] ["register observe region"] [region="id: 2 start_key: 7480000000000000FF1300000000000000F8 region_epoch { conf_ver: 1 version: 9 } peers { id: 3 store_id: 1 }"]
[2021/07/22 17:55:11.696 +08:00] [INFO] [pd.rs:1109] ["succeed to update max timestamp"] [region_id=18]
[2021/07/22 17:55:11.696 +08:00] [INFO] [endpoint.rs:233] ["Resolver initialized"] [pending_data_index=0] [snapshot_index=42] [observe_id=ObserveID(15)] [region=2]
[2021/07/22 17:55:11.696 +08:00] [INFO] [endpoint.rs:309] ["register observe region"] [region="id: 18 start_key: 7480000000000000FF1100000000000000F8 end_key: 7480000000000000FF1300000000000000F8 region_epoch { conf_ver: 1 version: 9 } peers { id: 19 store_id: 1 }"]
[2021/07/22 17:55:11.696 +08:00] [INFO] [endpoint.rs:233] ["Resolver initialized"] [pending_data_index=0] [snapshot_index=6] [observe_id=ObserveID(16)] [region=18]
[2021/07/22 17:55:11.791 +08:00] [INFO] [peer.rs:3694] ["on split"] [source=ipv4:127.0.0.1:53565] [split_keys="key 7480000000000000FF1500000000000000F8"] [peer_id=3] [region_id=2]
[2021/07/22 17:55:11.791 +08:00] [INFO] [peer.rs:3777] ["epoch changed, retry later"] [epoch="conf_ver: 1 version: 8"] [prev_epoch="conf_ver: 1 version: 9"] [peer_id=3] [region_id=2]
[2021/07/22 17:55:11.794 +08:00] [INFO] [peer.rs:3694] ["on split"] [source=ipv4:127.0.0.1:53562] [split_keys="key 7480000000000000FF1500000000000000F8"] [peer_id=3] [region_id=2]
[2021/07/22 17:55:11.795 +08:00] [INFO] [pd.rs:631] ["try to batch split region"] [task=batch_split] [region="id: 2 start_key: 7480000000000000FF1300000000000000F8 region_epoch { conf_ver: 1 version: 9 } peers { id: 3 store_id: 1 }"] [new_region_ids="[new_region_id: 20 new_peer_ids: 21]"] [region_id=2]
[2021/07/22 17:55:11.796 +08:00] [INFO] [apply.rs:1370] ["execute admin command"] [command="cmd_type: BatchSplit splits { requests { split_key: 7480000000000000FF1500000000000000F8 new_region_id: 20 new_peer_ids: 21 } right_derive: true }"] [index=43] [term=6] [peer_id=3] [region_id=2]
[2021/07/22 17:55:11.796 +08:00] [INFO] [apply.rs:2218] ["split region"] [keys="key 7480000000000000FF1500000000000000F8"] [region="id: 2 start_key: 7480000000000000FF1300000000000000F8 region_epoch { conf_ver: 1 version: 9 } peers { id: 3 store_id: 1 }"] [peer_id=3] [region_id=2]
[2021/07/22 17:55:11.796 +08:00] [INFO] [endpoint.rs:158] ["region met split/merge command, stop tracking since key range changed, wait for re-register"] [req_type=BatchSplit]
[2021/07/22 17:55:11.797 +08:00] [INFO] [peer.rs:2283] ["notify pd with split"] [split_count=2] [peer_id=3] [region_id=2]
[2021/07/22 17:55:11.797 +08:00] [INFO] [peer.rs:2348] ["insert new region"] [region="id: 20 start_key: 7480000000000000FF1300000000000000F8 end_key: 7480000000000000FF1500000000000000F8 region_epoch { conf_ver: 1 version: 10 } peers { id: 21 store_id: 1 }"] [region_id=20]
[2021/07/22 17:55:11.797 +08:00] [INFO] [peer.rs:216] ["create peer"] [peer_id=21] [region_id=20]
[2021/07/22 17:55:11.798 +08:00] [INFO] [raft.rs:2605] ["switched to configuration"] [config="Configuration { voters: Configuration { incoming: Configuration { voters: {21} }, outgoing: Configuration { voters: {} } }, learners: {}, learners_next: {}, auto_leave: false }"] [raft_id=21] [region_id=20]
[2021/07/22 17:55:11.798 +08:00] [INFO] [raft.rs:1088] ["became follower at term 5"] [term=5] [raft_id=21] [region_id=20]
[2021/07/22 17:55:11.798 +08:00] [INFO] [raft.rs:389] [newRaft] [peers="Configuration { incoming: Configuration { voters: {21} }, outgoing: Configuration { voters: {} } }"] ["last term"=5] ["last index"=5] [applied=5] [commit=5] [term=5] [raft_id=21] [region_id=20]
[2021/07/22 17:55:11.798 +08:00] [INFO] [raw_node.rs:315] ["RawNode created with id 21."] [id=21] [raft_id=21] [region_id=20]
[2021/07/22 17:55:11.799 +08:00] [INFO] [raft.rs:1513] ["starting a new election"] [term=5] [raft_id=21] [region_id=20]
[2021/07/22 17:55:11.799 +08:00] [INFO] [raft.rs:1138] ["became pre-candidate at term 5"] [term=5] [raft_id=21] [region_id=20]
[2021/07/22 17:55:11.799 +08:00] [INFO] [raft.rs:1112] ["became candidate at term 6"] [term=6] [raft_id=21] [region_id=20]
[2021/07/22 17:55:11.799 +08:00] [INFO] [raft.rs:1196] ["became leader at term 6"] [term=6] [raft_id=21] [region_id=20]
[2021/07/22 17:55:11.799 +08:00] [INFO] [endpoint.rs:382] ["deregister observe region"] [observe_id=ObserveID(15)] [region_id=2] [store_id=Some(1)]
[2021/07/22 17:55:11.799 +08:00] [INFO] [endpoint.rs:309] ["register observe region"] [region="id: 2 start_key: 7480000000000000FF1500000000000000F8 region_epoch { conf_ver: 1 version: 10 } peers { id: 3 store_id: 1 }"]
[2021/07/22 17:55:11.799 +08:00] [INFO] [peer.rs:3636] ["require updating max ts"] [initial_status=25769803796] [region_id=20]
[2021/07/22 17:55:11.799 +08:00] [INFO] [pd.rs:1109] ["succeed to update max timestamp"] [region_id=20]
[2021/07/22 17:55:11.799 +08:00] [INFO] [endpoint.rs:309] ["register observe region"] [region="id: 20 start_key: 7480000000000000FF1300000000000000F8 end_key: 7480000000000000FF1500000000000000F8 region_epoch { conf_ver: 1 version: 10 } peers { id: 21 store_id: 1 }"]
[2021/07/22 17:55:11.800 +08:00] [INFO] [endpoint.rs:233] ["Resolver initialized"] [pending_data_index=0] [snapshot_index=43] [observe_id=ObserveID(17)] [region=2]
[2021/07/22 17:55:11.800 +08:00] [INFO] [endpoint.rs:233] ["Resolver initialized"] [pending_data_index=0] [snapshot_index=6] [observe_id=ObserveID(18)] [region=20]
[2021/07/22 17:55:11.896 +08:00] [INFO] [peer.rs:3694] ["on split"] [source=ipv4:127.0.0.1:53563] [split_keys="key 7480000000000000FF1700000000000000F8"] [peer_id=3] [region_id=2]
[2021/07/22 17:55:11.896 +08:00] [INFO] [peer.rs:3777] ["epoch changed, retry later"] [epoch="conf_ver: 1 version: 9"] [prev_epoch="conf_ver: 1 version: 10"] [peer_id=3] [region_id=2]
[2021/07/22 17:55:11.899 +08:00] [INFO] [peer.rs:3694] ["on split"] [source=ipv4:127.0.0.1:53564] [split_keys="key 7480000000000000FF1700000000000000F8"] [peer_id=3] [region_id=2]
[2021/07/22 17:55:11.900 +08:00] [INFO] [pd.rs:631] ["try to batch split region"] [task=batch_split] [region="id: 2 start_key: 7480000000000000FF1500000000000000F8 region_epoch { conf_ver: 1 version: 10 } peers { id: 3 store_id: 1 }"] [new_region_ids="[new_region_id: 22 new_peer_ids: 23]"] [region_id=2]
[2021/07/22 17:55:11.900 +08:00] [INFO] [apply.rs:1370] ["execute admin command"] [command="cmd_type: BatchSplit splits { requests { split_key: 7480000000000000FF1700000000000000F8 new_region_id: 22 new_peer_ids: 23 } right_derive: true }"] [index=44] [term=6] [peer_id=3] [region_id=2]
[2021/07/22 17:55:11.901 +08:00] [INFO] [apply.rs:2218] ["split region"] [keys="key 7480000000000000FF1700000000000000F8"] [region="id: 2 start_key: 7480000000000000FF1500000000000000F8 region_epoch { conf_ver: 1 version: 10 } peers { id: 3 store_id: 1 }"] [peer_id=3] [region_id=2]
[2021/07/22 17:55:11.901 +08:00] [INFO] [endpoint.rs:158] ["region met split/merge command, stop tracking since key range changed, wait for re-register"] [req_type=BatchSplit]
[2021/07/22 17:55:11.901 +08:00] [INFO] [peer.rs:2283] ["notify pd with split"] [split_count=2] [peer_id=3] [region_id=2]
[2021/07/22 17:55:11.902 +08:00] [INFO] [peer.rs:2348] ["insert new region"] [region="id: 22 start_key: 7480000000000000FF1500000000000000F8 end_key: 7480000000000000FF1700000000000000F8 region_epoch { conf_ver: 1 version: 11 } peers { id: 23 store_id: 1 }"] [region_id=22]
[2021/07/22 17:55:11.902 +08:00] [INFO] [peer.rs:216] ["create peer"] [peer_id=23] [region_id=22]
[2021/07/22 17:55:11.902 +08:00] [INFO] [raft.rs:2605] ["switched to configuration"] [config="Configuration { voters: Configuration { incoming: Configuration { voters: {23} }, outgoing: Configuration { voters: {} } }, learners: {}, learners_next: {}, auto_leave: false }"] [raft_id=23] [region_id=22]
[2021/07/22 17:55:11.902 +08:00] [INFO] [raft.rs:1088] ["became follower at term 5"] [term=5] [raft_id=23] [region_id=22]
[2021/07/22 17:55:11.902 +08:00] [INFO] [raft.rs:389] [newRaft] [peers="Configuration { incoming: Configuration { voters: {23} }, outgoing: Configuration { voters: {} } }"] ["last term"=5] ["last index"=5] [applied=5] [commit=5] [term=5] [raft_id=23] [region_id=22]
[2021/07/22 17:55:11.902 +08:00] [INFO] [raw_node.rs:315] ["RawNode created with id 23."] [id=23] [raft_id=23] [region_id=22]
[2021/07/22 17:55:11.902 +08:00] [INFO] [raft.rs:1513] ["starting a new election"] [term=5] [raft_id=23] [region_id=22]
[2021/07/22 17:55:11.903 +08:00] [INFO] [raft.rs:1138] ["became pre-candidate at term 5"] [term=5] [raft_id=23] [region_id=22]
[2021/07/22 17:55:11.903 +08:00] [INFO] [raft.rs:1112] ["became candidate at term 6"] [term=6] [raft_id=23] [region_id=22]
[2021/07/22 17:55:11.903 +08:00] [INFO] [raft.rs:1196] ["became leader at term 6"] [term=6] [raft_id=23] [region_id=22]
[2021/07/22 17:55:11.903 +08:00] [INFO] [endpoint.rs:382] ["deregister observe region"] [observe_id=ObserveID(17)] [region_id=2] [store_id=Some(1)]
[2021/07/22 17:55:11.903 +08:00] [INFO] [peer.rs:3636] ["require updating max ts"] [initial_status=25769803798] [region_id=22]
[2021/07/22 17:55:11.903 +08:00] [INFO] [endpoint.rs:309] ["register observe region"] [region="id: 2 start_key: 7480000000000000FF1700000000000000F8 region_epoch { conf_ver: 1 version: 11 } peers { id: 3 store_id: 1 }"]
[2021/07/22 17:55:11.906 +08:00] [INFO] [pd.rs:1109] ["succeed to update max timestamp"] [region_id=22]
[2021/07/22 17:55:11.906 +08:00] [INFO] [endpoint.rs:309] ["register observe region"] [region="id: 22 start_key: 7480000000000000FF1500000000000000F8 end_key: 7480000000000000FF1700000000000000F8 region_epoch { conf_ver: 1 version: 11 } peers { id: 23 store_id: 1 }"]
[2021/07/22 17:55:11.906 +08:00] [INFO] [endpoint.rs:233] ["Resolver initialized"] [pending_data_index=0] [snapshot_index=44] [observe_id=ObserveID(19)] [region=2]
[2021/07/22 17:55:11.907 +08:00] [INFO] [endpoint.rs:233] ["Resolver initialized"] [pending_data_index=0] [snapshot_index=6] [observe_id=ObserveID(20)] [region=22]
[2021/07/22 17:55:11.996 +08:00] [INFO] [peer.rs:3694] ["on split"] [source=ipv4:127.0.0.1:53565] [split_keys="key 7480000000000000FF1900000000000000F8"] [peer_id=3] [region_id=2]
[2021/07/22 17:55:11.996 +08:00] [INFO] [peer.rs:3777] ["epoch changed, retry later"] [epoch="conf_ver: 1 version: 10"] [prev_epoch="conf_ver: 1 version: 11"] [peer_id=3] [region_id=2]
[2021/07/22 17:55:11.999 +08:00] [INFO] [peer.rs:3694] ["on split"] [source=ipv4:127.0.0.1:53562] [split_keys="key 7480000000000000FF1900000000000000F8"] [peer_id=3] [region_id=2]
[2021/07/22 17:55:12.000 +08:00] [INFO] [pd.rs:631] ["try to batch split region"] [task=batch_split] [region="id: 2 start_key: 7480000000000000FF1700000000000000F8 region_epoch { conf_ver: 1 version: 11 } peers { id: 3 store_id: 1 }"] [new_region_ids="[new_region_id: 24 new_peer_ids: 25]"] [region_id=2]
[2021/07/22 17:55:12.001 +08:00] [INFO] [apply.rs:1370] ["execute admin command"] [command="cmd_type: BatchSplit splits { requests { split_key: 7480000000000000FF1900000000000000F8 new_region_id: 24 new_peer_ids: 25 } right_derive: true }"] [index=45] [term=6] [peer_id=3] [region_id=2]
[2021/07/22 17:55:12.001 +08:00] [INFO] [apply.rs:2218] ["split region"] [keys="key 7480000000000000FF1900000000000000F8"] [region="id: 2 start_key: 7480000000000000FF1700000000000000F8 region_epoch { conf_ver: 1 version: 11 } peers { id: 3 store_id: 1 }"] [peer_id=3] [region_id=2]
[2021/07/22 17:55:12.001 +08:00] [INFO] [endpoint.rs:158] ["region met split/merge command, stop tracking since key range changed, wait for re-register"] [req_type=BatchSplit]
[2021/07/22 17:55:12.002 +08:00] [INFO] [peer.rs:2283] ["notify pd with split"] [split_count=2] [peer_id=3] [region_id=2]
[2021/07/22 17:55:12.002 +08:00] [INFO] [peer.rs:2348] ["insert new region"] [region="id: 24 start_key: 7480000000000000FF1700000000000000F8 end_key: 7480000000000000FF1900000000000000F8 region_epoch { conf_ver: 1 version: 12 } peers { id: 25 store_id: 1 }"] [region_id=24]
[2021/07/22 17:55:12.002 +08:00] [INFO] [peer.rs:216] ["create peer"] [peer_id=25] [region_id=24]
[2021/07/22 17:55:12.002 +08:00] [INFO] [raft.rs:2605] ["switched to configuration"] [config="Configuration { voters: Configuration { incoming: Configuration { voters: {25} }, outgoing: Configuration { voters: {} } }, learners: {}, learners_next: {}, auto_leave: false }"] [raft_id=25] [region_id=24]
[2021/07/22 17:55:12.002 +08:00] [INFO] [raft.rs:1088] ["became follower at term 5"] [term=5] [raft_id=25] [region_id=24]
[2021/07/22 17:55:12.002 +08:00] [INFO] [raft.rs:389] [newRaft] [peers="Configuration { incoming: Configuration { voters: {25} }, outgoing: Configuration { voters: {} } }"] ["last term"=5] ["last index"=5] [applied=5] [commit=5] [term=5] [raft_id=25] [region_id=24]
[2021/07/22 17:55:12.002 +08:00] [INFO] [raw_node.rs:315] ["RawNode created with id 25."] [id=25] [raft_id=25] [region_id=24]
[2021/07/22 17:55:12.002 +08:00] [INFO] [raft.rs:1513] ["starting a new election"] [term=5] [raft_id=25] [region_id=24]
[2021/07/22 17:55:12.003 +08:00] [INFO] [raft.rs:1138] ["became pre-candidate at term 5"] [term=5] [raft_id=25] [region_id=24]
[2021/07/22 17:55:12.003 +08:00] [INFO] [raft.rs:1112] ["became candidate at term 6"] [term=6] [raft_id=25] [region_id=24]
[2021/07/22 17:55:12.003 +08:00] [INFO] [raft.rs:1196] ["became leader at term 6"] [term=6] [raft_id=25] [region_id=24]
[2021/07/22 17:55:12.003 +08:00] [INFO] [endpoint.rs:382] ["deregister observe region"] [observe_id=ObserveID(19)] [region_id=2] [store_id=Some(1)]
[2021/07/22 17:55:12.003 +08:00] [INFO] [peer.rs:3636] ["require updating max ts"] [initial_status=25769803800] [region_id=24]
[2021/07/22 17:55:12.003 +08:00] [INFO] [endpoint.rs:309] ["register observe region"] [region="id: 2 start_key: 7480000000000000FF1900000000000000F8 region_epoch { conf_ver: 1 version: 12 } peers { id: 3 store_id: 1 }"]
[2021/07/22 17:55:12.004 +08:00] [INFO] [pd.rs:1109] ["succeed to update max timestamp"] [region_id=24]
[2021/07/22 17:55:12.004 +08:00] [INFO] [endpoint.rs:233] ["Resolver initialized"] [pending_data_index=0] [snapshot_index=45] [observe_id=ObserveID(21)] [region=2]
[2021/07/22 17:55:12.004 +08:00] [INFO] [endpoint.rs:309] ["register observe region"] [region="id: 24 start_key: 7480000000000000FF1700000000000000F8 end_key: 7480000000000000FF1900000000000000F8 region_epoch { conf_ver: 1 version: 12 } peers { id: 25 store_id: 1 }"]
[2021/07/22 17:55:12.004 +08:00] [INFO] [endpoint.rs:233] ["Resolver initialized"] [pending_data_index=0] [snapshot_index=6] [observe_id=ObserveID(22)] [region=24]
[2021/07/22 17:55:12.085 +08:00] [INFO] [peer.rs:3694] ["on split"] [source=ipv4:127.0.0.1:53563] [split_keys="key 7480000000000000FF1B00000000000000F8"] [peer_id=3] [region_id=2]
[2021/07/22 17:55:12.085 +08:00] [INFO] [peer.rs:3777] ["epoch changed, retry later"] [epoch="conf_ver: 1 version: 11"] [prev_epoch="conf_ver: 1 version: 12"] [peer_id=3] [region_id=2]
[2021/07/22 17:55:12.088 +08:00] [INFO] [peer.rs:3694] ["on split"] [source=ipv4:127.0.0.1:53564] [split_keys="key 7480000000000000FF1B00000000000000F8"] [peer_id=3] [region_id=2]
[2021/07/22 17:55:12.089 +08:00] [INFO] [pd.rs:631] ["try to batch split region"] [task=batch_split] [region="id: 2 start_key: 7480000000000000FF1900000000000000F8 region_epoch { conf_ver: 1 version: 12 } peers { id: 3 store_id: 1 }"] [new_region_ids="[new_region_id: 26 new_peer_ids: 27]"] [region_id=2]
[2021/07/22 17:55:12.090 +08:00] [INFO] [apply.rs:1370] ["execute admin command"] [command="cmd_type: BatchSplit splits { requests { split_key: 7480000000000000FF1B00000000000000F8 new_region_id: 26 new_peer_ids: 27 } right_derive: true }"] [index=46] [term=6] [peer_id=3] [region_id=2]
[2021/07/22 17:55:12.090 +08:00] [INFO] [apply.rs:2218] ["split region"] [keys="key 7480000000000000FF1B00000000000000F8"] [region="id: 2 start_key: 7480000000000000FF1900000000000000F8 region_epoch { conf_ver: 1 version: 12 } peers { id: 3 store_id: 1 }"] [peer_id=3] [region_id=2]
[2021/07/22 17:55:12.091 +08:00] [INFO] [endpoint.rs:158] ["region met split/merge command, stop tracking since key range changed, wait for re-register"] [req_type=BatchSplit]
[2021/07/22 17:55:12.093 +08:00] [INFO] [peer.rs:2283] ["notify pd with split"] [split_count=2] [peer_id=3] [region_id=2]
[2021/07/22 17:55:12.094 +08:00] [INFO] [peer.rs:2348] ["insert new region"] [region="id: 26 start_key: 7480000000000000FF1900000000000000F8 end_key: 7480000000000000FF1B00000000000000F8 region_epoch { conf_ver: 1 version: 13 } peers { id: 27 store_id: 1 }"] [region_id=26]
[2021/07/22 17:55:12.094 +08:00] [INFO] [peer.rs:216] ["create peer"] [peer_id=27] [region_id=26]
[2021/07/22 17:55:12.094 +08:00] [INFO] [raft.rs:2605] ["switched to configuration"] [config="Configuration { voters: Configuration { incoming: Configuration { voters: {27} }, outgoing: Configuration { voters: {} } }, learners: {}, learners_next: {}, auto_leave: false }"] [raft_id=27] [region_id=26]
[2021/07/22 17:55:12.094 +08:00] [INFO] [raft.rs:1088] ["became follower at term 5"] [term=5] [raft_id=27] [region_id=26]
[2021/07/22 17:55:12.094 +08:00] [INFO] [raft.rs:389] [newRaft] [peers="Configuration { incoming: Configuration { voters: {27} }, outgoing: Configuration { voters: {} } }"] ["last term"=5] ["last index"=5] [applied=5] [commit=5] [term=5] [raft_id=27] [region_id=26]
[2021/07/22 17:55:12.094 +08:00] [INFO] [raw_node.rs:315] ["RawNode created with id 27."] [id=27] [raft_id=27] [region_id=26]
[2021/07/22 17:55:12.094 +08:00] [INFO] [raft.rs:1513] ["starting a new election"] [term=5] [raft_id=27] [region_id=26]
[2021/07/22 17:55:12.094 +08:00] [INFO] [raft.rs:1138] ["became pre-candidate at term 5"] [term=5] [raft_id=27] [region_id=26]
[2021/07/22 17:55:12.094 +08:00] [INFO] [raft.rs:1112] ["became candidate at term 6"] [term=6] [raft_id=27] [region_id=26]
[2021/07/22 17:55:12.094 +08:00] [INFO] [raft.rs:1196] ["became leader at term 6"] [term=6] [raft_id=27] [region_id=26]
[2021/07/22 17:55:12.095 +08:00] [INFO] [peer.rs:3636] ["require updating max ts"] [initial_status=25769803802] [region_id=26]
[2021/07/22 17:55:12.095 +08:00] [INFO] [endpoint.rs:382] ["deregister observe region"] [observe_id=ObserveID(21)] [region_id=2] [store_id=Some(1)]
[2021/07/22 17:55:12.095 +08:00] [INFO] [endpoint.rs:309] ["register observe region"] [region="id: 2 start_key: 7480000000000000FF1B00000000000000F8 region_epoch { conf_ver: 1 version: 13 } peers { id: 3 store_id: 1 }"]
[2021/07/22 17:55:12.095 +08:00] [INFO] [pd.rs:1109] ["succeed to update max timestamp"] [region_id=26]
[2021/07/22 17:55:12.095 +08:00] [INFO] [endpoint.rs:309] ["register observe region"] [region="id: 26 start_key: 7480000000000000FF1900000000000000F8 end_key: 7480000000000000FF1B00000000000000F8 region_epoch { conf_ver: 1 version: 13 } peers { id: 27 store_id: 1 }"]
[2021/07/22 17:55:12.095 +08:00] [INFO] [endpoint.rs:233] ["Resolver initialized"] [pending_data_index=0] [snapshot_index=46] [observe_id=ObserveID(23)] [region=2]
[2021/07/22 17:55:12.095 +08:00] [INFO] [endpoint.rs:233] ["Resolver initialized"] [pending_data_index=0] [snapshot_index=6] [observe_id=ObserveID(24)] [region=26]
[2021/07/22 17:55:12.183 +08:00] [INFO] [peer.rs:3694] ["on split"] [source=ipv4:127.0.0.1:53565] [split_keys="key 7480000000000000FF1D00000000000000F8"] [peer_id=3] [region_id=2]
[2021/07/22 17:55:12.183 +08:00] [INFO] [peer.rs:3777] ["epoch changed, retry later"] [epoch="conf_ver: 1 version: 12"] [prev_epoch="conf_ver: 1 version: 13"] [peer_id=3] [region_id=2]
[2021/07/22 17:55:12.186 +08:00] [INFO] [peer.rs:3694] ["on split"] [source=ipv4:127.0.0.1:53562] [split_keys="key 7480000000000000FF1D00000000000000F8"] [peer_id=3] [region_id=2]
[2021/07/22 17:55:12.187 +08:00] [INFO] [pd.rs:631] ["try to batch split region"] [task=batch_split] [region="id: 2 start_key: 7480000000000000FF1B00000000000000F8 region_epoch { conf_ver: 1 version: 13 } peers { id: 3 store_id: 1 }"] [new_region_ids="[new_region_id: 28 new_peer_ids: 29]"] [region_id=2]
[2021/07/22 17:55:12.188 +08:00] [INFO] [apply.rs:1370] ["execute admin command"] [command="cmd_type: BatchSplit splits { requests { split_key: 7480000000000000FF1D00000000000000F8 new_region_id: 28 new_peer_ids: 29 } right_derive: true }"] [index=47] [term=6] [peer_id=3] [region_id=2]
[2021/07/22 17:55:12.188 +08:00] [INFO] [apply.rs:2218] ["split region"] [keys="key 7480000000000000FF1D00000000000000F8"] [region="id: 2 start_key: 7480000000000000FF1B00000000000000F8 region_epoch { conf_ver: 1 version: 13 } peers { id: 3 store_id: 1 }"] [peer_id=3] [region_id=2]
[2021/07/22 17:55:12.189 +08:00] [INFO] [endpoint.rs:158] ["region met split/merge command, stop tracking since key range changed, wait for re-register"] [req_type=BatchSplit]
[2021/07/22 17:55:12.189 +08:00] [INFO] [peer.rs:2283] ["notify pd with split"] [split_count=2] [peer_id=3] [region_id=2]
[2021/07/22 17:55:12.189 +08:00] [INFO] [peer.rs:2348] ["insert new region"] [region="id: 28 start_key: 7480000000000000FF1B00000000000000F8 end_key: 7480000000000000FF1D00000000000000F8 region_epoch { conf_ver: 1 version: 14 } peers { id: 29 store_id: 1 }"] [region_id=28]
[2021/07/22 17:55:12.189 +08:00] [INFO] [peer.rs:216] ["create peer"] [peer_id=29] [region_id=28]
[2021/07/22 17:55:12.190 +08:00] [INFO] [raft.rs:2605] ["switched to configuration"] [config="Configuration { voters: Configuration { incoming: Configuration { voters: {29} }, outgoing: Configuration { voters: {} } }, learners: {}, learners_next: {}, auto_leave: false }"] [raft_id=29] [region_id=28]
[2021/07/22 17:55:12.190 +08:00] [INFO] [raft.rs:1088] ["became follower at term 5"] [term=5] [raft_id=29] [region_id=28]
[2021/07/22 17:55:12.190 +08:00] [INFO] [raft.rs:389] [newRaft] [peers="Configuration { incoming: Configuration { voters: {29} }, outgoing: Configuration { voters: {} } }"] ["last term"=5] ["last index"=5] [applied=5] [commit=5] [term=5] [raft_id=29] [region_id=28]
[2021/07/22 17:55:12.190 +08:00] [INFO] [raw_node.rs:315] ["RawNode created with id 29."] [id=29] [raft_id=29] [region_id=28]
[2021/07/22 17:55:12.190 +08:00] [INFO] [raft.rs:1513] ["starting a new election"] [term=5] [raft_id=29] [region_id=28]
[2021/07/22 17:55:12.190 +08:00] [INFO] [raft.rs:1138] ["became pre-candidate at term 5"] [term=5] [raft_id=29] [region_id=28]
[2021/07/22 17:55:12.190 +08:00] [INFO] [raft.rs:1112] ["became candidate at term 6"] [term=6] [raft_id=29] [region_id=28]
[2021/07/22 17:55:12.190 +08:00] [INFO] [raft.rs:1196] ["became leader at term 6"] [term=6] [raft_id=29] [region_id=28]
[2021/07/22 17:55:12.191 +08:00] [INFO] [endpoint.rs:382] ["deregister observe region"] [observe_id=ObserveID(23)] [region_id=2] [store_id=Some(1)]
[2021/07/22 17:55:12.191 +08:00] [INFO] [endpoint.rs:309] ["register observe region"] [region="id: 2 start_key: 7480000000000000FF1D00000000000000F8 region_epoch { conf_ver: 1 version: 14 } peers { id: 3 store_id: 1 }"]
[2021/07/22 17:55:12.191 +08:00] [INFO] [peer.rs:3636] ["require updating max ts"] [initial_status=25769803804] [region_id=28]
[2021/07/22 17:55:12.191 +08:00] [INFO] [pd.rs:1109] ["succeed to update max timestamp"] [region_id=28]
[2021/07/22 17:55:12.191 +08:00] [INFO] [endpoint.rs:233] ["Resolver initialized"] [pending_data_index=0] [snapshot_index=47] [observe_id=ObserveID(25)] [region=2]
[2021/07/22 17:55:12.191 +08:00] [INFO] [endpoint.rs:309] ["register observe region"] [region="id: 28 start_key: 7480000000000000FF1B00000000000000F8 end_key: 7480000000000000FF1D00000000000000F8 region_epoch { conf_ver: 1 version: 14 } peers { id: 29 store_id: 1 }"]
[2021/07/22 17:55:12.192 +08:00] [INFO] [endpoint.rs:233] ["Resolver initialized"] [pending_data_index=0] [snapshot_index=6] [observe_id=ObserveID(26)] [region=28]
[2021/07/22 17:55:12.283 +08:00] [INFO] [peer.rs:3694] ["on split"] [source=ipv4:127.0.0.1:53563] [split_keys="key 7480000000000000FF1F00000000000000F8"] [peer_id=3] [region_id=2]
[2021/07/22 17:55:12.283 +08:00] [INFO] [peer.rs:3777] ["epoch changed, retry later"] [epoch="conf_ver: 1 version: 13"] [prev_epoch="conf_ver: 1 version: 14"] [peer_id=3] [region_id=2]
[2021/07/22 17:55:12.286 +08:00] [INFO] [peer.rs:3694] ["on split"] [source=ipv4:127.0.0.1:53564] [split_keys="key 7480000000000000FF1F00000000000000F8"] [peer_id=3] [region_id=2]
[2021/07/22 17:55:12.287 +08:00] [INFO] [pd.rs:631] ["try to batch split region"] [task=batch_split] [region="id: 2 start_key: 7480000000000000FF1D00000000000000F8 region_epoch { conf_ver: 1 version: 14 } peers { id: 3 store_id: 1 }"] [new_region_ids="[new_region_id: 30 new_peer_ids: 31]"] [region_id=2]
[2021/07/22 17:55:12.288 +08:00] [INFO] [apply.rs:1370] ["execute admin command"] [command="cmd_type: BatchSplit splits { requests { split_key: 7480000000000000FF1F00000000000000F8 new_region_id: 30 new_peer_ids: 31 } right_derive: true }"] [index=48] [term=6] [peer_id=3] [region_id=2]
[2021/07/22 17:55:12.288 +08:00] [INFO] [apply.rs:2218] ["split region"] [keys="key 7480000000000000FF1F00000000000000F8"] [region="id: 2 start_key: 7480000000000000FF1D00000000000000F8 region_epoch { conf_ver: 1 version: 14 } peers { id: 3 store_id: 1 }"] [peer_id=3] [region_id=2]
[2021/07/22 17:55:12.289 +08:00] [INFO] [endpoint.rs:158] ["region met split/merge command, stop tracking since key range changed, wait for re-register"] [req_type=BatchSplit]
[2021/07/22 17:55:12.289 +08:00] [INFO] [peer.rs:2283] ["notify pd with split"] [split_count=2] [peer_id=3] [region_id=2]
[2021/07/22 17:55:12.289 +08:00] [INFO] [peer.rs:2348] ["insert new region"] [region="id: 30 start_key: 7480000000000000FF1D00000000000000F8 end_key: 7480000000000000FF1F00000000000000F8 region_epoch { conf_ver: 1 version: 15 } peers { id: 31 store_id: 1 }"] [region_id=30]
[2021/07/22 17:55:12.289 +08:00] [INFO] [peer.rs:216] ["create peer"] [peer_id=31] [region_id=30]
[2021/07/22 17:55:12.290 +08:00] [INFO] [raft.rs:2605] ["switched to configuration"] [config="Configuration { voters: Configuration { incoming: Configuration { voters: {31} }, outgoing: Configuration { voters: {} } }, learners: {}, learners_next: {}, auto_leave: false }"] [raft_id=31] [region_id=30]
[2021/07/22 17:55:12.290 +08:00] [INFO] [raft.rs:1088] ["became follower at term 5"] [term=5] [raft_id=31] [region_id=30]
[2021/07/22 17:55:12.290 +08:00] [INFO] [raft.rs:389] [newRaft] [peers="Configuration { incoming: Configuration { voters: {31} }, outgoing: Configuration { voters: {} } }"] ["last term"=5] ["last index"=5] [applied=5] [commit=5] [term=5] [raft_id=31] [region_id=30]
[2021/07/22 17:55:12.290 +08:00] [INFO] [raw_node.rs:315] ["RawNode created with id 31."] [id=31] [raft_id=31] [region_id=30]
[2021/07/22 17:55:12.290 +08:00] [INFO] [raft.rs:1513] ["starting a new election"] [term=5] [raft_id=31] [region_id=30]
[2021/07/22 17:55:12.290 +08:00] [INFO] [raft.rs:1138] ["became pre-candidate at term 5"] [term=5] [raft_id=31] [region_id=30]
[2021/07/22 17:55:12.290 +08:00] [INFO] [raft.rs:1112] ["became candidate at term 6"] [term=6] [raft_id=31] [region_id=30]
[2021/07/22 17:55:12.291 +08:00] [INFO] [raft.rs:1196] ["became leader at term 6"] [term=6] [raft_id=31] [region_id=30]
[2021/07/22 17:55:12.291 +08:00] [INFO] [endpoint.rs:382] ["deregister observe region"] [observe_id=ObserveID(25)] [region_id=2] [store_id=Some(1)]
[2021/07/22 17:55:12.291 +08:00] [INFO] [peer.rs:3636] ["require updating max ts"] [initial_status=25769803806] [region_id=30]
[2021/07/22 17:55:12.291 +08:00] [INFO] [endpoint.rs:309] ["register observe region"] [region="id: 2 start_key: 7480000000000000FF1F00000000000000F8 region_epoch { conf_ver: 1 version: 15 } peers { id: 3 store_id: 1 }"]
[2021/07/22 17:55:12.291 +08:00] [INFO] [pd.rs:1109] ["succeed to update max timestamp"] [region_id=30]
[2021/07/22 17:55:12.291 +08:00] [INFO] [endpoint.rs:309] ["register observe region"] [region="id: 30 start_key: 7480000000000000FF1D00000000000000F8 end_key: 7480000000000000FF1F00000000000000F8 region_epoch { conf_ver: 1 version: 15 } peers { id: 31 store_id: 1 }"]
[2021/07/22 17:55:12.292 +08:00] [INFO] [endpoint.rs:233] ["Resolver initialized"] [pending_data_index=0] [snapshot_index=48] [observe_id=ObserveID(27)] [region=2]
[2021/07/22 17:55:12.292 +08:00] [INFO] [endpoint.rs:233] ["Resolver initialized"] [pending_data_index=0] [snapshot_index=6] [observe_id=ObserveID(28)] [region=30]
[2021/07/22 17:55:12.375 +08:00] [INFO] [peer.rs:3694] ["on split"] [source=ipv4:127.0.0.1:53565] [split_keys="key 7480000000000000FF2100000000000000F8"] [peer_id=3] [region_id=2]
[2021/07/22 17:55:12.376 +08:00] [INFO] [peer.rs:3777] ["epoch changed, retry later"] [epoch="conf_ver: 1 version: 14"] [prev_epoch="conf_ver: 1 version: 15"] [peer_id=3] [region_id=2]
[2021/07/22 17:55:12.378 +08:00] [INFO] [peer.rs:3694] ["on split"] [source=ipv4:127.0.0.1:53562] [split_keys="key 7480000000000000FF2100000000000000F8"] [peer_id=3] [region_id=2]
[2021/07/22 17:55:12.383 +08:00] [INFO] [pd.rs:631] ["try to batch split region"] [task=batch_split] [region="id: 2 start_key: 7480000000000000FF1F00000000000000F8 region_epoch { conf_ver: 1 version: 15 } peers { id: 3 store_id: 1 }"] [new_region_ids="[new_region_id: 32 new_peer_ids: 33]"] [region_id=2]
[2021/07/22 17:55:12.392 +08:00] [INFO] [apply.rs:1370] ["execute admin command"] [command="cmd_type: BatchSplit splits { requests { split_key: 7480000000000000FF2100000000000000F8 new_region_id: 32 new_peer_ids: 33 } right_derive: true }"] [index=49] [term=6] [peer_id=3] [region_id=2]
[2021/07/22 17:55:12.393 +08:00] [INFO] [apply.rs:2218] ["split region"] [keys="key 7480000000000000FF2100000000000000F8"] [region="id: 2 start_key: 7480000000000000FF1F00000000000000F8 region_epoch { conf_ver: 1 version: 15 } peers { id: 3 store_id: 1 }"] [peer_id=3] [region_id=2]
[2021/07/22 17:55:12.393 +08:00] [INFO] [endpoint.rs:158] ["region met split/merge command, stop tracking since key range changed, wait for re-register"] [req_type=BatchSplit]
[2021/07/22 17:55:12.393 +08:00] [INFO] [peer.rs:2283] ["notify pd with split"] [split_count=2] [peer_id=3] [region_id=2]
[2021/07/22 17:55:12.394 +08:00] [INFO] [peer.rs:2348] ["insert new region"] [region="id: 32 start_key: 7480000000000000FF1F00000000000000F8 end_key: 7480000000000000FF2100000000000000F8 region_epoch { conf_ver: 1 version: 16 } peers { id: 33 store_id: 1 }"] [region_id=32]
[2021/07/22 17:55:12.394 +08:00] [INFO] [peer.rs:216] ["create peer"] [peer_id=33] [region_id=32]
[2021/07/22 17:55:12.394 +08:00] [INFO] [raft.rs:2605] ["switched to configuration"] [config="Configuration { voters: Configuration { incoming: Configuration { voters: {33} }, outgoing: Configuration { voters: {} } }, learners: {}, learners_next: {}, auto_leave: false }"] [raft_id=33] [region_id=32]
[2021/07/22 17:55:12.394 +08:00] [INFO] [raft.rs:1088] ["became follower at term 5"] [term=5] [raft_id=33] [region_id=32]
[2021/07/22 17:55:12.394 +08:00] [INFO] [raft.rs:389] [newRaft] [peers="Configuration { incoming: Configuration { voters: {33} }, outgoing: Configuration { voters: {} } }"] ["last term"=5] ["last index"=5] [applied=5] [commit=5] [term=5] [raft_id=33] [region_id=32]
[2021/07/22 17:55:12.394 +08:00] [INFO] [raw_node.rs:315] ["RawNode created with id 33."] [id=33] [raft_id=33] [region_id=32]
[2021/07/22 17:55:12.394 +08:00] [INFO] [raft.rs:1513] ["starting a new election"] [term=5] [raft_id=33] [region_id=32]
[2021/07/22 17:55:12.395 +08:00] [INFO] [raft.rs:1138] ["became pre-candidate at term 5"] [term=5] [raft_id=33] [region_id=32]
[2021/07/22 17:55:12.395 +08:00] [INFO] [raft.rs:1112] ["became candidate at term 6"] [term=6] [raft_id=33] [region_id=32]
[2021/07/22 17:55:12.395 +08:00] [INFO] [raft.rs:1196] ["became leader at term 6"] [term=6] [raft_id=33] [region_id=32]
[2021/07/22 17:55:12.395 +08:00] [INFO] [endpoint.rs:382] ["deregister observe region"] [observe_id=ObserveID(27)] [region_id=2] [store_id=Some(1)]
[2021/07/22 17:55:12.395 +08:00] [INFO] [peer.rs:3636] ["require updating max ts"] [initial_status=25769803808] [region_id=32]
[2021/07/22 17:55:12.395 +08:00] [INFO] [endpoint.rs:309] ["register observe region"] [region="id: 2 start_key: 7480000000000000FF2100000000000000F8 region_epoch { conf_ver: 1 version: 16 } peers { id: 3 store_id: 1 }"]
[2021/07/22 17:55:12.396 +08:00] [INFO] [pd.rs:1109] ["succeed to update max timestamp"] [region_id=32]
[2021/07/22 17:55:12.396 +08:00] [INFO] [endpoint.rs:309] ["register observe region"] [region="id: 32 start_key: 7480000000000000FF1F00000000000000F8 end_key: 7480000000000000FF2100000000000000F8 region_epoch { conf_ver: 1 version: 16 } peers { id: 33 store_id: 1 }"]
[2021/07/22 17:55:12.396 +08:00] [INFO] [endpoint.rs:233] ["Resolver initialized"] [pending_data_index=0] [snapshot_index=49] [observe_id=ObserveID(29)] [region=2]
[2021/07/22 17:55:12.396 +08:00] [INFO] [endpoint.rs:233] ["Resolver initialized"] [pending_data_index=0] [snapshot_index=6] [observe_id=ObserveID(30)] [region=32]
[2021/07/22 17:55:12.480 +08:00] [INFO] [peer.rs:3694] ["on split"] [source=ipv4:127.0.0.1:53564] [split_keys="key 7480000000000000FF2300000000000000F8"] [peer_id=3] [region_id=2]
[2021/07/22 17:55:12.480 +08:00] [INFO] [peer.rs:3777] ["epoch changed, retry later"] [epoch="conf_ver: 1 version: 15"] [prev_epoch="conf_ver: 1 version: 16"] [peer_id=3] [region_id=2]
[2021/07/22 17:55:12.483 +08:00] [INFO] [peer.rs:3694] ["on split"] [source=ipv4:127.0.0.1:53565] [split_keys="key 7480000000000000FF2300000000000000F8"] [peer_id=3] [region_id=2]
[2021/07/22 17:55:12.483 +08:00] [INFO] [pd.rs:631] ["try to batch split region"] [task=batch_split] [region="id: 2 start_key: 7480000000000000FF2100000000000000F8 region_epoch { conf_ver: 1 version: 16 } peers { id: 3 store_id: 1 }"] [new_region_ids="[new_region_id: 34 new_peer_ids: 35]"] [region_id=2]
[2021/07/22 17:55:12.484 +08:00] [INFO] [apply.rs:1370] ["execute admin command"] [command="cmd_type: BatchSplit splits { requests { split_key: 7480000000000000FF2300000000000000F8 new_region_id: 34 new_peer_ids: 35 } right_derive: true }"] [index=50] [term=6] [peer_id=3] [region_id=2]
[2021/07/22 17:55:12.484 +08:00] [INFO] [apply.rs:2218] ["split region"] [keys="key 7480000000000000FF2300000000000000F8"] [region="id: 2 start_key: 7480000000000000FF2100000000000000F8 region_epoch { conf_ver: 1 version: 16 } peers { id: 3 store_id: 1 }"] [peer_id=3] [region_id=2]
[2021/07/22 17:55:12.485 +08:00] [INFO] [endpoint.rs:158] ["region met split/merge command, stop tracking since key range changed, wait for re-register"] [req_type=BatchSplit]
[2021/07/22 17:55:12.485 +08:00] [INFO] [peer.rs:2283] ["notify pd with split"] [split_count=2] [peer_id=3] [region_id=2]
[2021/07/22 17:55:12.485 +08:00] [INFO] [peer.rs:2348] ["insert new region"] [region="id: 34 start_key: 7480000000000000FF2100000000000000F8 end_key: 7480000000000000FF2300000000000000F8 region_epoch { conf_ver: 1 version: 17 } peers { id: 35 store_id: 1 }"] [region_id=34]
[2021/07/22 17:55:12.485 +08:00] [INFO] [peer.rs:216] ["create peer"] [peer_id=35] [region_id=34]
[2021/07/22 17:55:12.486 +08:00] [INFO] [raft.rs:2605] ["switched to configuration"] [config="Configuration { voters: Configuration { incoming: Configuration { voters: {35} }, outgoing: Configuration { voters: {} } }, learners: {}, learners_next: {}, auto_leave: false }"] [raft_id=35] [region_id=34]
[2021/07/22 17:55:12.486 +08:00] [INFO] [raft.rs:1088] ["became follower at term 5"] [term=5] [raft_id=35] [region_id=34]
[2021/07/22 17:55:12.486 +08:00] [INFO] [raft.rs:389] [newRaft] [peers="Configuration { incoming: Configuration { voters: {35} }, outgoing: Configuration { voters: {} } }"] ["last term"=5] ["last index"=5] [applied=5] [commit=5] [term=5] [raft_id=35] [region_id=34]
[2021/07/22 17:55:12.486 +08:00] [INFO] [raw_node.rs:315] ["RawNode created with id 35."] [id=35] [raft_id=35] [region_id=34]
[2021/07/22 17:55:12.486 +08:00] [INFO] [raft.rs:1513] ["starting a new election"] [term=5] [raft_id=35] [region_id=34]
[2021/07/22 17:55:12.486 +08:00] [INFO] [raft.rs:1138] ["became pre-candidate at term 5"] [term=5] [raft_id=35] [region_id=34]
[2021/07/22 17:55:12.486 +08:00] [INFO] [raft.rs:1112] ["became candidate at term 6"] [term=6] [raft_id=35] [region_id=34]
[2021/07/22 17:55:12.486 +08:00] [INFO] [raft.rs:1196] ["became leader at term 6"] [term=6] [raft_id=35] [region_id=34]
[2021/07/22 17:55:12.486 +08:00] [INFO] [endpoint.rs:382] ["deregister observe region"] [observe_id=ObserveID(29)] [region_id=2] [store_id=Some(1)]
[2021/07/22 17:55:12.487 +08:00] [INFO] [peer.rs:3636] ["require updating max ts"] [initial_status=25769803810] [region_id=34]
[2021/07/22 17:55:12.487 +08:00] [INFO] [endpoint.rs:309] ["register observe region"] [region="id: 2 start_key: 7480000000000000FF2300000000000000F8 region_epoch { conf_ver: 1 version: 17 } peers { id: 3 store_id: 1 }"]
[2021/07/22 17:55:12.487 +08:00] [INFO] [pd.rs:1109] ["succeed to update max timestamp"] [region_id=34]
[2021/07/22 17:55:12.487 +08:00] [INFO] [endpoint.rs:233] ["Resolver initialized"] [pending_data_index=0] [snapshot_index=50] [observe_id=ObserveID(31)] [region=2]
[2021/07/22 17:55:12.487 +08:00] [INFO] [endpoint.rs:309] ["register observe region"] [region="id: 34 start_key: 7480000000000000FF2100000000000000F8 end_key: 7480000000000000FF2300000000000000F8 region_epoch { conf_ver: 1 version: 17 } peers { id: 35 store_id: 1 }"]
[2021/07/22 17:55:12.488 +08:00] [INFO] [endpoint.rs:233] ["Resolver initialized"] [pending_data_index=0] [snapshot_index=6] [observe_id=ObserveID(32)] [region=34]
[2021/07/22 17:55:12.582 +08:00] [INFO] [peer.rs:3694] ["on split"] [source=ipv4:127.0.0.1:53562] [split_keys="key 7480000000000000FF2500000000000000F8"] [peer_id=3] [region_id=2]
[2021/07/22 17:55:12.582 +08:00] [INFO] [peer.rs:3777] ["epoch changed, retry later"] [epoch="conf_ver: 1 version: 16"] [prev_epoch="conf_ver: 1 version: 17"] [peer_id=3] [region_id=2]
[2021/07/22 17:55:12.585 +08:00] [INFO] [peer.rs:3694] ["on split"] [source=ipv4:127.0.0.1:53563] [split_keys="key 7480000000000000FF2500000000000000F8"] [peer_id=3] [region_id=2]
[2021/07/22 17:55:12.586 +08:00] [INFO] [pd.rs:631] ["try to batch split region"] [task=batch_split] [region="id: 2 start_key: 7480000000000000FF2300000000000000F8 region_epoch { conf_ver: 1 version: 17 } peers { id: 3 store_id: 1 }"] [new_region_ids="[new_region_id: 36 new_peer_ids: 37]"] [region_id=2]
[2021/07/22 17:55:12.587 +08:00] [INFO] [apply.rs:1370] ["execute admin command"] [command="cmd_type: BatchSplit splits { requests { split_key: 7480000000000000FF2500000000000000F8 new_region_id: 36 new_peer_ids: 37 } right_derive: true }"] [index=51] [term=6] [peer_id=3] [region_id=2]
[2021/07/22 17:55:12.587 +08:00] [INFO] [apply.rs:2218] ["split region"] [keys="key 7480000000000000FF2500000000000000F8"] [region="id: 2 start_key: 7480000000000000FF2300000000000000F8 region_epoch { conf_ver: 1 version: 17 } peers { id: 3 store_id: 1 }"] [peer_id=3] [region_id=2]
[2021/07/22 17:55:12.587 +08:00] [INFO] [endpoint.rs:158] ["region met split/merge command, stop tracking since key range changed, wait for re-register"] [req_type=BatchSplit]
[2021/07/22 17:55:12.587 +08:00] [INFO] [peer.rs:2283] ["notify pd with split"] [split_count=2] [peer_id=3] [region_id=2]
[2021/07/22 17:55:12.588 +08:00] [INFO] [peer.rs:2348] ["insert new region"] [region="id: 36 start_key: 7480000000000000FF2300000000000000F8 end_key: 7480000000000000FF2500000000000000F8 region_epoch { conf_ver: 1 version: 18 } peers { id: 37 store_id: 1 }"] [region_id=36]
[2021/07/22 17:55:12.588 +08:00] [INFO] [peer.rs:216] ["create peer"] [peer_id=37] [region_id=36]
[2021/07/22 17:55:12.588 +08:00] [INFO] [raft.rs:2605] ["switched to configuration"] [config="Configuration { voters: Configuration { incoming: Configuration { voters: {37} }, outgoing: Configuration { voters: {} } }, learners: {}, learners_next: {}, auto_leave: false }"] [raft_id=37] [region_id=36]
[2021/07/22 17:55:12.588 +08:00] [INFO] [raft.rs:1088] ["became follower at term 5"] [term=5] [raft_id=37] [region_id=36]
[2021/07/22 17:55:12.588 +08:00] [INFO] [raft.rs:389] [newRaft] [peers="Configuration { incoming: Configuration { voters: {37} }, outgoing: Configuration { voters: {} } }"] ["last term"=5] ["last index"=5] [applied=5] [commit=5] [term=5] [raft_id=37] [region_id=36]
[2021/07/22 17:55:12.588 +08:00] [INFO] [raw_node.rs:315] ["RawNode created with id 37."] [id=37] [raft_id=37] [region_id=36]
[2021/07/22 17:55:12.588 +08:00] [INFO] [raft.rs:1513] ["starting a new election"] [term=5] [raft_id=37] [region_id=36]
[2021/07/22 17:55:12.589 +08:00] [INFO] [raft.rs:1138] ["became pre-candidate at term 5"] [term=5] [raft_id=37] [region_id=36]
[2021/07/22 17:55:12.589 +08:00] [INFO] [raft.rs:1112] ["became candidate at term 6"] [term=6] [raft_id=37] [region_id=36]
[2021/07/22 17:55:12.589 +08:00] [INFO] [raft.rs:1196] ["became leader at term 6"] [term=6] [raft_id=37] [region_id=36]
[2021/07/22 17:55:12.589 +08:00] [INFO] [endpoint.rs:382] ["deregister observe region"] [observe_id=ObserveID(31)] [region_id=2] [store_id=Some(1)]
[2021/07/22 17:55:12.589 +08:00] [INFO] [endpoint.rs:309] ["register observe region"] [region="id: 2 start_key: 7480000000000000FF2500000000000000F8 region_epoch { conf_ver: 1 version: 18 } peers { id: 3 store_id: 1 }"]
[2021/07/22 17:55:12.589 +08:00] [INFO] [peer.rs:3636] ["require updating max ts"] [initial_status=25769803812] [region_id=36]
[2021/07/22 17:55:12.589 +08:00] [INFO] [pd.rs:1109] ["succeed to update max timestamp"] [region_id=36]
[2021/07/22 17:55:12.590 +08:00] [INFO] [endpoint.rs:233] ["Resolver initialized"] [pending_data_index=0] [snapshot_index=51] [observe_id=ObserveID(33)] [region=2]
[2021/07/22 17:55:12.590 +08:00] [INFO] [endpoint.rs:309] ["register observe region"] [region="id: 36 start_key: 7480000000000000FF2300000000000000F8 end_key: 7480000000000000FF2500000000000000F8 region_epoch { conf_ver: 1 version: 18 } peers { id: 37 store_id: 1 }"]
[2021/07/22 17:55:12.590 +08:00] [INFO] [endpoint.rs:233] ["Resolver initialized"] [pending_data_index=0] [snapshot_index=6] [observe_id=ObserveID(34)] [region=36]
[2021/07/22 17:55:12.594 +08:00] [INFO] [scheduler.rs:444] ["get snapshot failed"] [err="Error(Request(message: \"EpochNotMatch current epoch of region 2 is conf_ver: 1 version: 18, but you sent conf_ver: 1 version: 17\" epoch_not_match { current_regions { id: 2 start_key: 7480000000000000FF2500000000000000F8 region_epoch { conf_ver: 1 version: 18 } peers { id: 3 store_id: 1 } } current_regions { id: 36 start_key: 7480000000000000FF2300000000000000F8 end_key: 7480000000000000FF2500000000000000F8 region_epoch { conf_ver: 1 version: 18 } peers { id: 37 store_id: 1 } } }))"] [cid=165]
[2021/07/22 17:55:12.714 +08:00] [INFO] [peer.rs:3694] ["on split"] [source=ipv4:127.0.0.1:53564] [split_keys="key 7480000000000000FF2700000000000000F8"] [peer_id=3] [region_id=2]
[2021/07/22 17:55:12.721 +08:00] [INFO] [pd.rs:631] ["try to batch split region"] [task=batch_split] [region="id: 2 start_key: 7480000000000000FF2500000000000000F8 region_epoch { conf_ver: 1 version: 18 } peers { id: 3 store_id: 1 }"] [new_region_ids="[new_region_id: 38 new_peer_ids: 39]"] [region_id=2]
[2021/07/22 17:55:12.730 +08:00] [INFO] [apply.rs:1370] ["execute admin command"] [command="cmd_type: BatchSplit splits { requests { split_key: 7480000000000000FF2700000000000000F8 new_region_id: 38 new_peer_ids: 39 } right_derive: true }"] [index=54] [term=6] [peer_id=3] [region_id=2]
[2021/07/22 17:55:12.730 +08:00] [INFO] [apply.rs:2218] ["split region"] [keys="key 7480000000000000FF2700000000000000F8"] [region="id: 2 start_key: 7480000000000000FF2500000000000000F8 region_epoch { conf_ver: 1 version: 18 } peers { id: 3 store_id: 1 }"] [peer_id=3] [region_id=2]
[2021/07/22 17:55:12.731 +08:00] [INFO] [endpoint.rs:158] ["region met split/merge command, stop tracking since key range changed, wait for re-register"] [req_type=BatchSplit]
[2021/07/22 17:55:12.732 +08:00] [INFO] [peer.rs:2283] ["notify pd with split"] [split_count=2] [peer_id=3] [region_id=2]
[2021/07/22 17:55:12.732 +08:00] [INFO] [peer.rs:2348] ["insert new region"] [region="id: 38 start_key: 7480000000000000FF2500000000000000F8 end_key: 7480000000000000FF2700000000000000F8 region_epoch { conf_ver: 1 version: 19 } peers { id: 39 store_id: 1 }"] [region_id=38]
[2021/07/22 17:55:12.732 +08:00] [INFO] [peer.rs:216] ["create peer"] [peer_id=39] [region_id=38]
[2021/07/22 17:55:12.732 +08:00] [INFO] [raft.rs:2605] ["switched to configuration"] [config="Configuration { voters: Configuration { incoming: Configuration { voters: {39} }, outgoing: Configuration { voters: {} } }, learners: {}, learners_next: {}, auto_leave: false }"] [raft_id=39] [region_id=38]
[2021/07/22 17:55:12.732 +08:00] [INFO] [raft.rs:1088] ["became follower at term 5"] [term=5] [raft_id=39] [region_id=38]
[2021/07/22 17:55:12.732 +08:00] [INFO] [raft.rs:389] [newRaft] [peers="Configuration { incoming: Configuration { voters: {39} }, outgoing: Configuration { voters: {} } }"] ["last term"=5] ["last index"=5] [applied=5] [commit=5] [term=5] [raft_id=39] [region_id=38]
[2021/07/22 17:55:12.732 +08:00] [INFO] [raw_node.rs:315] ["RawNode created with id 39."] [id=39] [raft_id=39] [region_id=38]
[2021/07/22 17:55:12.733 +08:00] [INFO] [raft.rs:1513] ["starting a new election"] [term=5] [raft_id=39] [region_id=38]
[2021/07/22 17:55:12.733 +08:00] [INFO] [raft.rs:1138] ["became pre-candidate at term 5"] [term=5] [raft_id=39] [region_id=38]
[2021/07/22 17:55:12.733 +08:00] [INFO] [raft.rs:1112] ["became candidate at term 6"] [term=6] [raft_id=39] [region_id=38]
[2021/07/22 17:55:12.733 +08:00] [INFO] [raft.rs:1196] ["became leader at term 6"] [term=6] [raft_id=39] [region_id=38]
[2021/07/22 17:55:12.733 +08:00] [INFO] [endpoint.rs:382] ["deregister observe region"] [observe_id=ObserveID(33)] [region_id=2] [store_id=Some(1)]
[2021/07/22 17:55:12.733 +08:00] [INFO] [endpoint.rs:309] ["register observe region"] [region="id: 2 start_key: 7480000000000000FF2700000000000000F8 region_epoch { conf_ver: 1 version: 19 } peers { id: 3 store_id: 1 }"]
[2021/07/22 17:55:12.733 +08:00] [INFO] [peer.rs:3636] ["require updating max ts"] [initial_status=25769803814] [region_id=38]
[2021/07/22 17:55:12.733 +08:00] [INFO] [pd.rs:1109] ["succeed to update max timestamp"] [region_id=38]
[2021/07/22 17:55:12.733 +08:00] [INFO] [endpoint.rs:309] ["register observe region"] [region="id: 38 start_key: 7480000000000000FF2500000000000000F8 end_key: 7480000000000000FF2700000000000000F8 region_epoch { conf_ver: 1 version: 19 } peers { id: 39 store_id: 1 }"]
[2021/07/22 17:55:12.733 +08:00] [INFO] [endpoint.rs:233] ["Resolver initialized"] [pending_data_index=0] [snapshot_index=54] [observe_id=ObserveID(35)] [region=2]
[2021/07/22 17:55:12.734 +08:00] [INFO] [endpoint.rs:233] ["Resolver initialized"] [pending_data_index=0] [snapshot_index=6] [observe_id=ObserveID(36)] [region=38]
[2021/07/22 17:55:12.817 +08:00] [INFO] [peer.rs:3694] ["on split"] [source=ipv4:127.0.0.1:53565] [split_keys="key 7480000000000000FF2900000000000000F8"] [peer_id=3] [region_id=2]
[2021/07/22 17:55:12.818 +08:00] [INFO] [peer.rs:3777] ["epoch changed, retry later"] [epoch="conf_ver: 1 version: 18"] [prev_epoch="conf_ver: 1 version: 19"] [peer_id=3] [region_id=2]
[2021/07/22 17:55:12.821 +08:00] [INFO] [peer.rs:3694] ["on split"] [source=ipv4:127.0.0.1:53562] [split_keys="key 7480000000000000FF2900000000000000F8"] [peer_id=3] [region_id=2]
[2021/07/22 17:55:12.822 +08:00] [INFO] [pd.rs:631] ["try to batch split region"] [task=batch_split] [region="id: 2 start_key: 7480000000000000FF2700000000000000F8 region_epoch { conf_ver: 1 version: 19 } peers { id: 3 store_id: 1 }"] [new_region_ids="[new_region_id: 40 new_peer_ids: 41]"] [region_id=2]
[2021/07/22 17:55:12.823 +08:00] [INFO] [apply.rs:1370] ["execute admin command"] [command="cmd_type: BatchSplit splits { requests { split_key: 7480000000000000FF2900000000000000F8 new_region_id: 40 new_peer_ids: 41 } right_derive: true }"] [index=55] [term=6] [peer_id=3] [region_id=2]
[2021/07/22 17:55:12.823 +08:00] [INFO] [apply.rs:2218] ["split region"] [keys="key 7480000000000000FF2900000000000000F8"] [region="id: 2 start_key: 7480000000000000FF2700000000000000F8 region_epoch { conf_ver: 1 version: 19 } peers { id: 3 store_id: 1 }"] [peer_id=3] [region_id=2]
[2021/07/22 17:55:12.824 +08:00] [INFO] [endpoint.rs:158] ["region met split/merge command, stop tracking since key range changed, wait for re-register"] [req_type=BatchSplit]
[2021/07/22 17:55:12.824 +08:00] [INFO] [peer.rs:2283] ["notify pd with split"] [split_count=2] [peer_id=3] [region_id=2]
[2021/07/22 17:55:12.824 +08:00] [INFO] [peer.rs:2348] ["insert new region"] [region="id: 40 start_key: 7480000000000000FF2700000000000000F8 end_key: 7480000000000000FF2900000000000000F8 region_epoch { conf_ver: 1 version: 20 } peers { id: 41 store_id: 1 }"] [region_id=40]
[2021/07/22 17:55:12.825 +08:00] [INFO] [peer.rs:216] ["create peer"] [peer_id=41] [region_id=40]
[2021/07/22 17:55:12.825 +08:00] [INFO] [raft.rs:2605] ["switched to configuration"] [config="Configuration { voters: Configuration { incoming: Configuration { voters: {41} }, outgoing: Configuration { voters: {} } }, learners: {}, learners_next: {}, auto_leave: false }"] [raft_id=41] [region_id=40]
[2021/07/22 17:55:12.825 +08:00] [INFO] [raft.rs:1088] ["became follower at term 5"] [term=5] [raft_id=41] [region_id=40]
[2021/07/22 17:55:12.825 +08:00] [INFO] [raft.rs:389] [newRaft] [peers="Configuration { incoming: Configuration { voters: {41} }, outgoing: Configuration { voters: {} } }"] ["last term"=5] ["last index"=5] [applied=5] [commit=5] [term=5] [raft_id=41] [region_id=40]
[2021/07/22 17:55:12.825 +08:00] [INFO] [raw_node.rs:315] ["RawNode created with id 41."] [id=41] [raft_id=41] [region_id=40]
[2021/07/22 17:55:12.825 +08:00] [INFO] [raft.rs:1513] ["starting a new election"] [term=5] [raft_id=41] [region_id=40]
[2021/07/22 17:55:12.825 +08:00] [INFO] [raft.rs:1138] ["became pre-candidate at term 5"] [term=5] [raft_id=41] [region_id=40]
[2021/07/22 17:55:12.825 +08:00] [INFO] [raft.rs:1112] ["became candidate at term 6"] [term=6] [raft_id=41] [region_id=40]
[2021/07/22 17:55:12.826 +08:00] [INFO] [raft.rs:1196] ["became leader at term 6"] [term=6] [raft_id=41] [region_id=40]
[2021/07/22 17:55:12.826 +08:00] [INFO] [endpoint.rs:382] ["deregister observe region"] [observe_id=ObserveID(35)] [region_id=2] [store_id=Some(1)]
[2021/07/22 17:55:12.826 +08:00] [INFO] [endpoint.rs:309] ["register observe region"] [region="id: 2 start_key: 7480000000000000FF2900000000000000F8 region_epoch { conf_ver: 1 version: 20 } peers { id: 3 store_id: 1 }"]
[2021/07/22 17:55:12.826 +08:00] [INFO] [peer.rs:3636] ["require updating max ts"] [initial_status=25769803816] [region_id=40]
[2021/07/22 17:55:12.826 +08:00] [INFO] [pd.rs:1109] ["succeed to update max timestamp"] [region_id=40]
[2021/07/22 17:55:12.826 +08:00] [INFO] [endpoint.rs:233] ["Resolver initialized"] [pending_data_index=0] [snapshot_index=55] [observe_id=ObserveID(37)] [region=2]
[2021/07/22 17:55:12.826 +08:00] [INFO] [endpoint.rs:309] ["register observe region"] [region="id: 40 start_key: 7480000000000000FF2700000000000000F8 end_key: 7480000000000000FF2900000000000000F8 region_epoch { conf_ver: 1 version: 20 } peers { id: 41 store_id: 1 }"]
[2021/07/22 17:55:12.827 +08:00] [INFO] [endpoint.rs:233] ["Resolver initialized"] [pending_data_index=0] [snapshot_index=6] [observe_id=ObserveID(38)] [region=40]
[2021/07/22 17:55:12.924 +08:00] [INFO] [peer.rs:3694] ["on split"] [source=ipv4:127.0.0.1:53563] [split_keys="key 7480000000000000FF2B00000000000000F8"] [peer_id=3] [region_id=2]
[2021/07/22 17:55:12.924 +08:00] [INFO] [peer.rs:3777] ["epoch changed, retry later"] [epoch="conf_ver: 1 version: 19"] [prev_epoch="conf_ver: 1 version: 20"] [peer_id=3] [region_id=2]
[2021/07/22 17:55:12.927 +08:00] [INFO] [peer.rs:3694] ["on split"] [source=ipv4:127.0.0.1:53564] [split_keys="key 7480000000000000FF2B00000000000000F8"] [peer_id=3] [region_id=2]
[2021/07/22 17:55:12.928 +08:00] [INFO] [pd.rs:631] ["try to batch split region"] [task=batch_split] [region="id: 2 start_key: 7480000000000000FF2900000000000000F8 region_epoch { conf_ver: 1 version: 20 } peers { id: 3 store_id: 1 }"] [new_region_ids="[new_region_id: 42 new_peer_ids: 43]"] [region_id=2]
[2021/07/22 17:55:12.929 +08:00] [INFO] [apply.rs:1370] ["execute admin command"] [command="cmd_type: BatchSplit splits { requests { split_key: 7480000000000000FF2B00000000000000F8 new_region_id: 42 new_peer_ids: 43 } right_derive: true }"] [index=56] [term=6] [peer_id=3] [region_id=2]
[2021/07/22 17:55:12.929 +08:00] [INFO] [apply.rs:2218] ["split region"] [keys="key 7480000000000000FF2B00000000000000F8"] [region="id: 2 start_key: 7480000000000000FF2900000000000000F8 region_epoch { conf_ver: 1 version: 20 } peers { id: 3 store_id: 1 }"] [peer_id=3] [region_id=2]
[2021/07/22 17:55:12.929 +08:00] [INFO] [endpoint.rs:158] ["region met split/merge command, stop tracking since key range changed, wait for re-register"] [req_type=BatchSplit]
[2021/07/22 17:55:12.929 +08:00] [INFO] [peer.rs:2283] ["notify pd with split"] [split_count=2] [peer_id=3] [region_id=2]
[2021/07/22 17:55:12.929 +08:00] [INFO] [peer.rs:2348] ["insert new region"] [region="id: 42 start_key: 7480000000000000FF2900000000000000F8 end_key: 7480000000000000FF2B00000000000000F8 region_epoch { conf_ver: 1 version: 21 } peers { id: 43 store_id: 1 }"] [region_id=42]
[2021/07/22 17:55:12.930 +08:00] [INFO] [peer.rs:216] ["create peer"] [peer_id=43] [region_id=42]
[2021/07/22 17:55:12.930 +08:00] [INFO] [raft.rs:2605] ["switched to configuration"] [config="Configuration { voters: Configuration { incoming: Configuration { voters: {43} }, outgoing: Configuration { voters: {} } }, learners: {}, learners_next: {}, auto_leave: false }"] [raft_id=43] [region_id=42]
[2021/07/22 17:55:12.930 +08:00] [INFO] [raft.rs:1088] ["became follower at term 5"] [term=5] [raft_id=43] [region_id=42]
[2021/07/22 17:55:12.930 +08:00] [INFO] [raft.rs:389] [newRaft] [peers="Configuration { incoming: Configuration { voters: {43} }, outgoing: Configuration { voters: {} } }"] ["last term"=5] ["last index"=5] [applied=5] [commit=5] [term=5] [raft_id=43] [region_id=42]
[2021/07/22 17:55:12.930 +08:00] [INFO] [raw_node.rs:315] ["RawNode created with id 43."] [id=43] [raft_id=43] [region_id=42]
[2021/07/22 17:55:12.930 +08:00] [INFO] [raft.rs:1513] ["starting a new election"] [term=5] [raft_id=43] [region_id=42]
[2021/07/22 17:55:12.930 +08:00] [INFO] [raft.rs:1138] ["became pre-candidate at term 5"] [term=5] [raft_id=43] [region_id=42]
[2021/07/22 17:55:12.930 +08:00] [INFO] [raft.rs:1112] ["became candidate at term 6"] [term=6] [raft_id=43] [region_id=42]
[2021/07/22 17:55:12.931 +08:00] [INFO] [raft.rs:1196] ["became leader at term 6"] [term=6] [raft_id=43] [region_id=42]
[2021/07/22 17:55:12.931 +08:00] [INFO] [peer.rs:3636] ["require updating max ts"] [initial_status=25769803818] [region_id=42]
[2021/07/22 17:55:12.931 +08:00] [INFO] [endpoint.rs:382] ["deregister observe region"] [observe_id=ObserveID(37)] [region_id=2] [store_id=Some(1)]
[2021/07/22 17:55:12.931 +08:00] [INFO] [endpoint.rs:309] ["register observe region"] [region="id: 2 start_key: 7480000000000000FF2B00000000000000F8 region_epoch { conf_ver: 1 version: 21 } peers { id: 3 store_id: 1 }"]
[2021/07/22 17:55:12.931 +08:00] [INFO] [pd.rs:1109] ["succeed to update max timestamp"] [region_id=42]
[2021/07/22 17:55:12.932 +08:00] [INFO] [endpoint.rs:309] ["register observe region"] [region="id: 42 start_key: 7480000000000000FF2900000000000000F8 end_key: 7480000000000000FF2B00000000000000F8 region_epoch { conf_ver: 1 version: 21 } peers { id: 43 store_id: 1 }"]
[2021/07/22 17:55:12.932 +08:00] [INFO] [endpoint.rs:233] ["Resolver initialized"] [pending_data_index=0] [snapshot_index=56] [observe_id=ObserveID(39)] [region=2]
[2021/07/22 17:55:12.932 +08:00] [INFO] [endpoint.rs:233] ["Resolver initialized"] [pending_data_index=0] [snapshot_index=6] [observe_id=ObserveID(40)] [region=42]
[2021/07/22 17:55:13.024 +08:00] [INFO] [peer.rs:3694] ["on split"] [source=ipv4:127.0.0.1:53565] [split_keys="key 7480000000000000FF2D00000000000000F8"] [peer_id=3] [region_id=2]
[2021/07/22 17:55:13.024 +08:00] [INFO] [peer.rs:3777] ["epoch changed, retry later"] [epoch="conf_ver: 1 version: 20"] [prev_epoch="conf_ver: 1 version: 21"] [peer_id=3] [region_id=2]
[2021/07/22 17:55:13.027 +08:00] [INFO] [peer.rs:3694] ["on split"] [source=ipv4:127.0.0.1:53562] [split_keys="key 7480000000000000FF2D00000000000000F8"] [peer_id=3] [region_id=2]
[2021/07/22 17:55:13.029 +08:00] [INFO] [pd.rs:631] ["try to batch split region"] [task=batch_split] [region="id: 2 start_key: 7480000000000000FF2B00000000000000F8 region_epoch { conf_ver: 1 version: 21 } peers { id: 3 store_id: 1 }"] [new_region_ids="[new_region_id: 44 new_peer_ids: 45]"] [region_id=2]
[2021/07/22 17:55:13.029 +08:00] [INFO] [apply.rs:1370] ["execute admin command"] [command="cmd_type: BatchSplit splits { requests { split_key: 7480000000000000FF2D00000000000000F8 new_region_id: 44 new_peer_ids: 45 } right_derive: true }"] [index=57] [term=6] [peer_id=3] [region_id=2]
[2021/07/22 17:55:13.030 +08:00] [INFO] [apply.rs:2218] ["split region"] [keys="key 7480000000000000FF2D00000000000000F8"] [region="id: 2 start_key: 7480000000000000FF2B00000000000000F8 region_epoch { conf_ver: 1 version: 21 } peers { id: 3 store_id: 1 }"] [peer_id=3] [region_id=2]
[2021/07/22 17:55:13.031 +08:00] [INFO] [endpoint.rs:158] ["region met split/merge command, stop tracking since key range changed, wait for re-register"] [req_type=BatchSplit]
[2021/07/22 17:55:13.031 +08:00] [INFO] [peer.rs:2283] ["notify pd with split"] [split_count=2] [peer_id=3] [region_id=2]
[2021/07/22 17:55:13.031 +08:00] [INFO] [peer.rs:2348] ["insert new region"] [region="id: 44 start_key: 7480000000000000FF2B00000000000000F8 end_key: 7480000000000000FF2D00000000000000F8 region_epoch { conf_ver: 1 version: 22 } peers { id: 45 store_id: 1 }"] [region_id=44]
[2021/07/22 17:55:13.031 +08:00] [INFO] [peer.rs:216] ["create peer"] [peer_id=45] [region_id=44]
[2021/07/22 17:55:13.031 +08:00] [INFO] [raft.rs:2605] ["switched to configuration"] [config="Configuration { voters: Configuration { incoming: Configuration { voters: {45} }, outgoing: Configuration { voters: {} } }, learners: {}, learners_next: {}, auto_leave: false }"] [raft_id=45] [region_id=44]
[2021/07/22 17:55:13.031 +08:00] [INFO] [raft.rs:1088] ["became follower at term 5"] [term=5] [raft_id=45] [region_id=44]
[2021/07/22 17:55:13.031 +08:00] [INFO] [raft.rs:389] [newRaft] [peers="Configuration { incoming: Configuration { voters: {45} }, outgoing: Configuration { voters: {} } }"] ["last term"=5] ["last index"=5] [applied=5] [commit=5] [term=5] [raft_id=45] [region_id=44]
[2021/07/22 17:55:13.031 +08:00] [INFO] [raw_node.rs:315] ["RawNode created with id 45."] [id=45] [raft_id=45] [region_id=44]
[2021/07/22 17:55:13.032 +08:00] [INFO] [raft.rs:1513] ["starting a new election"] [term=5] [raft_id=45] [region_id=44]
[2021/07/22 17:55:13.032 +08:00] [INFO] [raft.rs:1138] ["became pre-candidate at term 5"] [term=5] [raft_id=45] [region_id=44]
[2021/07/22 17:55:13.032 +08:00] [INFO] [raft.rs:1112] ["became candidate at term 6"] [term=6] [raft_id=45] [region_id=44]
[2021/07/22 17:55:13.032 +08:00] [INFO] [raft.rs:1196] ["became leader at term 6"] [term=6] [raft_id=45] [region_id=44]
[2021/07/22 17:55:13.032 +08:00] [INFO] [peer.rs:3636] ["require updating max ts"] [initial_status=25769803820] [region_id=44]
[2021/07/22 17:55:13.032 +08:00] [INFO] [endpoint.rs:382] ["deregister observe region"] [observe_id=ObserveID(39)] [region_id=2] [store_id=Some(1)]
[2021/07/22 17:55:13.032 +08:00] [INFO] [endpoint.rs:309] ["register observe region"] [region="id: 2 start_key: 7480000000000000FF2D00000000000000F8 region_epoch { conf_ver: 1 version: 22 } peers { id: 3 store_id: 1 }"]
[2021/07/22 17:55:13.033 +08:00] [INFO] [pd.rs:1109] ["succeed to update max timestamp"] [region_id=44]
[2021/07/22 17:55:13.034 +08:00] [INFO] [endpoint.rs:309] ["register observe region"] [region="id: 44 start_key: 7480000000000000FF2B00000000000000F8 end_key: 7480000000000000FF2D00000000000000F8 region_epoch { conf_ver: 1 version: 22 } peers { id: 45 store_id: 1 }"]
[2021/07/22 17:55:13.034 +08:00] [INFO] [endpoint.rs:233] ["Resolver initialized"] [pending_data_index=0] [snapshot_index=57] [observe_id=ObserveID(41)] [region=2]
[2021/07/22 17:55:13.034 +08:00] [INFO] [endpoint.rs:233] ["Resolver initialized"] [pending_data_index=0] [snapshot_index=6] [observe_id=ObserveID(42)] [region=44]
[2021/07/22 17:55:13.125 +08:00] [INFO] [peer.rs:3694] ["on split"] [source=ipv4:127.0.0.1:53563] [split_keys="key 7480000000000000FF2F00000000000000F8"] [peer_id=3] [region_id=2]
[2021/07/22 17:55:13.125 +08:00] [INFO] [peer.rs:3777] ["epoch changed, retry later"] [epoch="conf_ver: 1 version: 21"] [prev_epoch="conf_ver: 1 version: 22"] [peer_id=3] [region_id=2]
[2021/07/22 17:55:13.128 +08:00] [INFO] [peer.rs:3694] ["on split"] [source=ipv4:127.0.0.1:53564] [split_keys="key 7480000000000000FF2F00000000000000F8"] [peer_id=3] [region_id=2]
[2021/07/22 17:55:13.129 +08:00] [INFO] [pd.rs:631] ["try to batch split region"] [task=batch_split] [region="id: 2 start_key: 7480000000000000FF2D00000000000000F8 region_epoch { conf_ver: 1 version: 22 } peers { id: 3 store_id: 1 }"] [new_region_ids="[new_region_id: 46 new_peer_ids: 47]"] [region_id=2]
[2021/07/22 17:55:13.130 +08:00] [INFO] [apply.rs:1370] ["execute admin command"] [command="cmd_type: BatchSplit splits { requests { split_key: 7480000000000000FF2F00000000000000F8 new_region_id: 46 new_peer_ids: 47 } right_derive: true }"] [index=58] [term=6] [peer_id=3] [region_id=2]
[2021/07/22 17:55:13.130 +08:00] [INFO] [apply.rs:2218] ["split region"] [keys="key 7480000000000000FF2F00000000000000F8"] [region="id: 2 start_key: 7480000000000000FF2D00000000000000F8 region_epoch { conf_ver: 1 version: 22 } peers { id: 3 store_id: 1 }"] [peer_id=3] [region_id=2]
[2021/07/22 17:55:13.131 +08:00] [INFO] [endpoint.rs:158] ["region met split/merge command, stop tracking since key range changed, wait for re-register"] [req_type=BatchSplit]
[2021/07/22 17:55:13.131 +08:00] [INFO] [peer.rs:2283] ["notify pd with split"] [split_count=2] [peer_id=3] [region_id=2]
[2021/07/22 17:55:13.131 +08:00] [INFO] [peer.rs:2348] ["insert new region"] [region="id: 46 start_key: 7480000000000000FF2D00000000000000F8 end_key: 7480000000000000FF2F00000000000000F8 region_epoch { conf_ver: 1 version: 23 } peers { id: 47 store_id: 1 }"] [region_id=46]
[2021/07/22 17:55:13.131 +08:00] [INFO] [peer.rs:216] ["create peer"] [peer_id=47] [region_id=46]
[2021/07/22 17:55:13.132 +08:00] [INFO] [raft.rs:2605] ["switched to configuration"] [config="Configuration { voters: Configuration { incoming: Configuration { voters: {47} }, outgoing: Configuration { voters: {} } }, learners: {}, learners_next: {}, auto_leave: false }"] [raft_id=47] [region_id=46]
[2021/07/22 17:55:13.132 +08:00] [INFO] [raft.rs:1088] ["became follower at term 5"] [term=5] [raft_id=47] [region_id=46]
[2021/07/22 17:55:13.132 +08:00] [INFO] [raft.rs:389] [newRaft] [peers="Configuration { incoming: Configuration { voters: {47} }, outgoing: Configuration { voters: {} } }"] ["last term"=5] ["last index"=5] [applied=5] [commit=5] [term=5] [raft_id=47] [region_id=46]
[2021/07/22 17:55:13.132 +08:00] [INFO] [raw_node.rs:315] ["RawNode created with id 47."] [id=47] [raft_id=47] [region_id=46]
[2021/07/22 17:55:13.132 +08:00] [INFO] [raft.rs:1513] ["starting a new election"] [term=5] [raft_id=47] [region_id=46]
[2021/07/22 17:55:13.132 +08:00] [INFO] [raft.rs:1138] ["became pre-candidate at term 5"] [term=5] [raft_id=47] [region_id=46]
[2021/07/22 17:55:13.132 +08:00] [INFO] [raft.rs:1112] ["became candidate at term 6"] [term=6] [raft_id=47] [region_id=46]
[2021/07/22 17:55:13.132 +08:00] [INFO] [raft.rs:1196] ["became leader at term 6"] [term=6] [raft_id=47] [region_id=46]
[2021/07/22 17:55:13.132 +08:00] [INFO] [endpoint.rs:382] ["deregister observe region"] [observe_id=ObserveID(41)] [region_id=2] [store_id=Some(1)]
[2021/07/22 17:55:13.133 +08:00] [INFO] [peer.rs:3636] ["require updating max ts"] [initial_status=25769803822] [region_id=46]
[2021/07/22 17:55:13.133 +08:00] [INFO] [endpoint.rs:309] ["register observe region"] [region="id: 2 start_key: 7480000000000000FF2F00000000000000F8 region_epoch { conf_ver: 1 version: 23 } peers { id: 3 store_id: 1 }"]
[2021/07/22 17:55:13.133 +08:00] [INFO] [pd.rs:1109] ["succeed to update max timestamp"] [region_id=46]
[2021/07/22 17:55:13.133 +08:00] [INFO] [endpoint.rs:233] ["Resolver initialized"] [pending_data_index=0] [snapshot_index=58] [observe_id=ObserveID(43)] [region=2]
[2021/07/22 17:55:13.133 +08:00] [INFO] [endpoint.rs:309] ["register observe region"] [region="id: 46 start_key: 7480000000000000FF2D00000000000000F8 end_key: 7480000000000000FF2F00000000000000F8 region_epoch { conf_ver: 1 version: 23 } peers { id: 47 store_id: 1 }"]
[2021/07/22 17:55:13.134 +08:00] [INFO] [endpoint.rs:233] ["Resolver initialized"] [pending_data_index=0] [snapshot_index=6] [observe_id=ObserveID(44)] [region=46]
[2021/07/22 17:55:13.212 +08:00] [INFO] [peer.rs:3694] ["on split"] [source=ipv4:127.0.0.1:53565] [split_keys="key 7480000000000000FF3100000000000000F8"] [peer_id=3] [region_id=2]
[2021/07/22 17:55:13.212 +08:00] [INFO] [peer.rs:3777] ["epoch changed, retry later"] [epoch="conf_ver: 1 version: 22"] [prev_epoch="conf_ver: 1 version: 23"] [peer_id=3] [region_id=2]
[2021/07/22 17:55:13.215 +08:00] [INFO] [peer.rs:3694] ["on split"] [source=ipv4:127.0.0.1:53562] [split_keys="key 7480000000000000FF3100000000000000F8"] [peer_id=3] [region_id=2]
[2021/07/22 17:55:13.216 +08:00] [INFO] [pd.rs:631] ["try to batch split region"] [task=batch_split] [region="id: 2 start_key: 7480000000000000FF2F00000000000000F8 region_epoch { conf_ver: 1 version: 23 } peers { id: 3 store_id: 1 }"] [new_region_ids="[new_region_id: 48 new_peer_ids: 49]"] [region_id=2]
[2021/07/22 17:55:13.217 +08:00] [INFO] [apply.rs:1370] ["execute admin command"] [command="cmd_type: BatchSplit splits { requests { split_key: 7480000000000000FF3100000000000000F8 new_region_id: 48 new_peer_ids: 49 } right_derive: true }"] [index=59] [term=6] [peer_id=3] [region_id=2]
[2021/07/22 17:55:13.217 +08:00] [INFO] [apply.rs:2218] ["split region"] [keys="key 7480000000000000FF3100000000000000F8"] [region="id: 2 start_key: 7480000000000000FF2F00000000000000F8 region_epoch { conf_ver: 1 version: 23 } peers { id: 3 store_id: 1 }"] [peer_id=3] [region_id=2]
[2021/07/22 17:55:13.218 +08:00] [INFO] [endpoint.rs:158] ["region met split/merge command, stop tracking since key range changed, wait for re-register"] [req_type=BatchSplit]
[2021/07/22 17:55:13.218 +08:00] [INFO] [peer.rs:2283] ["notify pd with split"] [split_count=2] [peer_id=3] [region_id=2]
[2021/07/22 17:55:13.218 +08:00] [INFO] [peer.rs:2348] ["insert new region"] [region="id: 48 start_key: 7480000000000000FF2F00000000000000F8 end_key: 7480000000000000FF3100000000000000F8 region_epoch { conf_ver: 1 version: 24 } peers { id: 49 store_id: 1 }"] [region_id=48]
[2021/07/22 17:55:13.219 +08:00] [INFO] [peer.rs:216] ["create peer"] [peer_id=49] [region_id=48]
[2021/07/22 17:55:13.219 +08:00] [INFO] [raft.rs:2605] ["switched to configuration"] [config="Configuration { voters: Configuration { incoming: Configuration { voters: {49} }, outgoing: Configuration { voters: {} } }, learners: {}, learners_next: {}, auto_leave: false }"] [raft_id=49] [region_id=48]
[2021/07/22 17:55:13.219 +08:00] [INFO] [raft.rs:1088] ["became follower at term 5"] [term=5] [raft_id=49] [region_id=48]
[2021/07/22 17:55:13.219 +08:00] [INFO] [raft.rs:389] [newRaft] [peers="Configuration { incoming: Configuration { voters: {49} }, outgoing: Configuration { voters: {} } }"] ["last term"=5] ["last index"=5] [applied=5] [commit=5] [term=5] [raft_id=49] [region_id=48]
[2021/07/22 17:55:13.219 +08:00] [INFO] [raw_node.rs:315] ["RawNode created with id 49."] [id=49] [raft_id=49] [region_id=48]
[2021/07/22 17:55:13.219 +08:00] [INFO] [raft.rs:1513] ["starting a new election"] [term=5] [raft_id=49] [region_id=48]
[2021/07/22 17:55:13.219 +08:00] [INFO] [raft.rs:1138] ["became pre-candidate at term 5"] [term=5] [raft_id=49] [region_id=48]
[2021/07/22 17:55:13.219 +08:00] [INFO] [raft.rs:1112] ["became candidate at term 6"] [term=6] [raft_id=49] [region_id=48]
[2021/07/22 17:55:13.220 +08:00] [INFO] [raft.rs:1196] ["became leader at term 6"] [term=6] [raft_id=49] [region_id=48]
[2021/07/22 17:55:13.220 +08:00] [INFO] [endpoint.rs:382] ["deregister observe region"] [observe_id=ObserveID(43)] [region_id=2] [store_id=Some(1)]
[2021/07/22 17:55:13.220 +08:00] [INFO] [endpoint.rs:309] ["register observe region"] [region="id: 2 start_key: 7480000000000000FF3100000000000000F8 region_epoch { conf_ver: 1 version: 24 } peers { id: 3 store_id: 1 }"]
[2021/07/22 17:55:13.220 +08:00] [INFO] [peer.rs:3636] ["require updating max ts"] [initial_status=25769803824] [region_id=48]
[2021/07/22 17:55:13.220 +08:00] [INFO] [pd.rs:1109] ["succeed to update max timestamp"] [region_id=48]
[2021/07/22 17:55:13.220 +08:00] [INFO] [endpoint.rs:233] ["Resolver initialized"] [pending_data_index=0] [snapshot_index=59] [observe_id=ObserveID(45)] [region=2]
[2021/07/22 17:55:13.221 +08:00] [INFO] [endpoint.rs:309] ["register observe region"] [region="id: 48 start_key: 7480000000000000FF2F00000000000000F8 end_key: 7480000000000000FF3100000000000000F8 region_epoch { conf_ver: 1 version: 24 } peers { id: 49 store_id: 1 }"]
[2021/07/22 17:55:13.221 +08:00] [INFO] [endpoint.rs:233] ["Resolver initialized"] [pending_data_index=0] [snapshot_index=6] [observe_id=ObserveID(46)] [region=48]
[2021/07/22 17:55:13.303 +08:00] [INFO] [peer.rs:3694] ["on split"] [source=ipv4:127.0.0.1:53563] [split_keys="key 7480000000000000FF3300000000000000F8"] [peer_id=3] [region_id=2]
[2021/07/22 17:55:13.303 +08:00] [INFO] [peer.rs:3777] ["epoch changed, retry later"] [epoch="conf_ver: 1 version: 23"] [prev_epoch="conf_ver: 1 version: 24"] [peer_id=3] [region_id=2]
[2021/07/22 17:55:13.306 +08:00] [INFO] [peer.rs:3694] ["on split"] [source=ipv4:127.0.0.1:53564] [split_keys="key 7480000000000000FF3300000000000000F8"] [peer_id=3] [region_id=2]
[2021/07/22 17:55:13.307 +08:00] [INFO] [pd.rs:631] ["try to batch split region"] [task=batch_split] [region="id: 2 start_key: 7480000000000000FF3100000000000000F8 region_epoch { conf_ver: 1 version: 24 } peers { id: 3 store_id: 1 }"] [new_region_ids="[new_region_id: 50 new_peer_ids: 51]"] [region_id=2]
[2021/07/22 17:55:13.308 +08:00] [INFO] [apply.rs:1370] ["execute admin command"] [command="cmd_type: BatchSplit splits { requests { split_key: 7480000000000000FF3300000000000000F8 new_region_id: 50 new_peer_ids: 51 } right_derive: true }"] [index=60] [term=6] [peer_id=3] [region_id=2]
[2021/07/22 17:55:13.308 +08:00] [INFO] [apply.rs:2218] ["split region"] [keys="key 7480000000000000FF3300000000000000F8"] [region="id: 2 start_key: 7480000000000000FF3100000000000000F8 region_epoch { conf_ver: 1 version: 24 } peers { id: 3 store_id: 1 }"] [peer_id=3] [region_id=2]
[2021/07/22 17:55:13.308 +08:00] [INFO] [endpoint.rs:158] ["region met split/merge command, stop tracking since key range changed, wait for re-register"] [req_type=BatchSplit]
[2021/07/22 17:55:13.308 +08:00] [INFO] [peer.rs:2283] ["notify pd with split"] [split_count=2] [peer_id=3] [region_id=2]
[2021/07/22 17:55:13.309 +08:00] [INFO] [peer.rs:2348] ["insert new region"] [region="id: 50 start_key: 7480000000000000FF3100000000000000F8 end_key: 7480000000000000FF3300000000000000F8 region_epoch { conf_ver: 1 version: 25 } peers { id: 51 store_id: 1 }"] [region_id=50]
[2021/07/22 17:55:13.309 +08:00] [INFO] [peer.rs:216] ["create peer"] [peer_id=51] [region_id=50]
[2021/07/22 17:55:13.309 +08:00] [INFO] [raft.rs:2605] ["switched to configuration"] [config="Configuration { voters: Configuration { incoming: Configuration { voters: {51} }, outgoing: Configuration { voters: {} } }, learners: {}, learners_next: {}, auto_leave: false }"] [raft_id=51] [region_id=50]
[2021/07/22 17:55:13.309 +08:00] [INFO] [raft.rs:1088] ["became follower at term 5"] [term=5] [raft_id=51] [region_id=50]
[2021/07/22 17:55:13.309 +08:00] [INFO] [raft.rs:389] [newRaft] [peers="Configuration { incoming: Configuration { voters: {51} }, outgoing: Configuration { voters: {} } }"] ["last term"=5] ["last index"=5] [applied=5] [commit=5] [term=5] [raft_id=51] [region_id=50]
[2021/07/22 17:55:13.310 +08:00] [INFO] [raw_node.rs:315] ["RawNode created with id 51."] [id=51] [raft_id=51] [region_id=50]
[2021/07/22 17:55:13.310 +08:00] [INFO] [raft.rs:1513] ["starting a new election"] [term=5] [raft_id=51] [region_id=50]
[2021/07/22 17:55:13.310 +08:00] [INFO] [raft.rs:1138] ["became pre-candidate at term 5"] [term=5] [raft_id=51] [region_id=50]
[2021/07/22 17:55:13.310 +08:00] [INFO] [raft.rs:1112] ["became candidate at term 6"] [term=6] [raft_id=51] [region_id=50]
[2021/07/22 17:55:13.310 +08:00] [INFO] [raft.rs:1196] ["became leader at term 6"] [term=6] [raft_id=51] [region_id=50]
[2021/07/22 17:55:13.310 +08:00] [INFO] [endpoint.rs:382] ["deregister observe region"] [observe_id=ObserveID(45)] [region_id=2] [store_id=Some(1)]
[2021/07/22 17:55:13.310 +08:00] [INFO] [peer.rs:3636] ["require updating max ts"] [initial_status=25769803826] [region_id=50]
[2021/07/22 17:55:13.310 +08:00] [INFO] [endpoint.rs:309] ["register observe region"] [region="id: 2 start_key: 7480000000000000FF3300000000000000F8 region_epoch { conf_ver: 1 version: 25 } peers { id: 3 store_id: 1 }"]
[2021/07/22 17:55:13.310 +08:00] [INFO] [pd.rs:1109] ["succeed to update max timestamp"] [region_id=50]
[2021/07/22 17:55:13.310 +08:00] [INFO] [endpoint.rs:233] ["Resolver initialized"] [pending_data_index=0] [snapshot_index=60] [observe_id=ObserveID(47)] [region=2]
[2021/07/22 17:55:13.311 +08:00] [INFO] [endpoint.rs:309] ["register observe region"] [region="id: 50 start_key: 7480000000000000FF3100000000000000F8 end_key: 7480000000000000FF3300000000000000F8 region_epoch { conf_ver: 1 version: 25 } peers { id: 51 store_id: 1 }"]
[2021/07/22 17:55:13.311 +08:00] [INFO] [endpoint.rs:233] ["Resolver initialized"] [pending_data_index=0] [snapshot_index=6] [observe_id=ObserveID(48)] [region=50]
[2021/07/22 17:55:13.547 +08:00] [WARN] [endpoint.rs:632] [error-response] [err="Region error (will back off and retry) message: \"EpochNotMatch current epoch of region 2 is conf_ver: 1 version: 25, but you sent conf_ver: 1 version: 24\" epoch_not_match { current_regions { id: 2 start_key: 7480000000000000FF3300000000000000F8 region_epoch { conf_ver: 1 version: 25 } peers { id: 3 store_id: 1 } } current_regions { id: 50 start_key: 7480000000000000FF3100000000000000F8 end_key: 7480000000000000FF3300000000000000F8 region_epoch { conf_ver: 1 version: 25 } peers { id: 51 store_id: 1 } } }"]
[2021/07/22 17:56:41.216 +08:00] [INFO] [peer.rs:3694] ["on split"] [source=ipv4:127.0.0.1:53565] [split_keys="key 7480000000000000FF3500000000000000F8"] [peer_id=3] [region_id=2]
[2021/07/22 17:56:41.217 +08:00] [INFO] [pd.rs:631] ["try to batch split region"] [task=batch_split] [region="id: 2 start_key: 7480000000000000FF3300000000000000F8 region_epoch { conf_ver: 1 version: 25 } peers { id: 3 store_id: 1 }"] [new_region_ids="[new_region_id: 52 new_peer_ids: 53]"] [region_id=2]
[2021/07/22 17:56:41.218 +08:00] [INFO] [apply.rs:1370] ["execute admin command"] [command="cmd_type: BatchSplit splits { requests { split_key: 7480000000000000FF3500000000000000F8 new_region_id: 52 new_peer_ids: 53 } right_derive: true }"] [index=62] [term=6] [peer_id=3] [region_id=2]
[2021/07/22 17:56:41.219 +08:00] [INFO] [apply.rs:2218] ["split region"] [keys="key 7480000000000000FF3500000000000000F8"] [region="id: 2 start_key: 7480000000000000FF3300000000000000F8 region_epoch { conf_ver: 1 version: 25 } peers { id: 3 store_id: 1 }"] [peer_id=3] [region_id=2]
[2021/07/22 17:56:41.219 +08:00] [INFO] [endpoint.rs:158] ["region met split/merge command, stop tracking since key range changed, wait for re-register"] [req_type=BatchSplit]
[2021/07/22 17:56:41.219 +08:00] [INFO] [peer.rs:2283] ["notify pd with split"] [split_count=2] [peer_id=3] [region_id=2]
[2021/07/22 17:56:41.220 +08:00] [INFO] [peer.rs:2348] ["insert new region"] [region="id: 52 start_key: 7480000000000000FF3300000000000000F8 end_key: 7480000000000000FF3500000000000000F8 region_epoch { conf_ver: 1 version: 26 } peers { id: 53 store_id: 1 }"] [region_id=52]
[2021/07/22 17:56:41.220 +08:00] [INFO] [peer.rs:216] ["create peer"] [peer_id=53] [region_id=52]
[2021/07/22 17:56:41.220 +08:00] [INFO] [raft.rs:2605] ["switched to configuration"] [config="Configuration { voters: Configuration { incoming: Configuration { voters: {53} }, outgoing: Configuration { voters: {} } }, learners: {}, learners_next: {}, auto_leave: false }"] [raft_id=53] [region_id=52]
[2021/07/22 17:56:41.220 +08:00] [INFO] [raft.rs:1088] ["became follower at term 5"] [term=5] [raft_id=53] [region_id=52]
[2021/07/22 17:56:41.220 +08:00] [INFO] [raft.rs:389] [newRaft] [peers="Configuration { incoming: Configuration { voters: {53} }, outgoing: Configuration { voters: {} } }"] ["last term"=5] ["last index"=5] [applied=5] [commit=5] [term=5] [raft_id=53] [region_id=52]
[2021/07/22 17:56:41.220 +08:00] [INFO] [raw_node.rs:315] ["RawNode created with id 53."] [id=53] [raft_id=53] [region_id=52]
[2021/07/22 17:56:41.220 +08:00] [INFO] [raft.rs:1513] ["starting a new election"] [term=5] [raft_id=53] [region_id=52]
[2021/07/22 17:56:41.220 +08:00] [INFO] [raft.rs:1138] ["became pre-candidate at term 5"] [term=5] [raft_id=53] [region_id=52]
[2021/07/22 17:56:41.221 +08:00] [INFO] [raft.rs:1112] ["became candidate at term 6"] [term=6] [raft_id=53] [region_id=52]
[2021/07/22 17:56:41.221 +08:00] [INFO] [raft.rs:1196] ["became leader at term 6"] [term=6] [raft_id=53] [region_id=52]
[2021/07/22 17:56:41.221 +08:00] [INFO] [endpoint.rs:382] ["deregister observe region"] [observe_id=ObserveID(47)] [region_id=2] [store_id=Some(1)]
[2021/07/22 17:56:41.221 +08:00] [INFO] [endpoint.rs:309] ["register observe region"] [region="id: 2 start_key: 7480000000000000FF3500000000000000F8 region_epoch { conf_ver: 1 version: 26 } peers { id: 3 store_id: 1 }"]
[2021/07/22 17:56:41.221 +08:00] [INFO] [peer.rs:3636] ["require updating max ts"] [initial_status=25769803828] [region_id=52]
[2021/07/22 17:56:41.222 +08:00] [INFO] [pd.rs:1109] ["succeed to update max timestamp"] [region_id=52]
[2021/07/22 17:56:41.222 +08:00] [INFO] [endpoint.rs:233] ["Resolver initialized"] [pending_data_index=0] [snapshot_index=62] [observe_id=ObserveID(49)] [region=2]
[2021/07/22 17:56:41.222 +08:00] [INFO] [endpoint.rs:309] ["register observe region"] [region="id: 52 start_key: 7480000000000000FF3300000000000000F8 end_key: 7480000000000000FF3500000000000000F8 region_epoch { conf_ver: 1 version: 26 } peers { id: 53 store_id: 1 }"]
[2021/07/22 17:56:41.223 +08:00] [INFO] [endpoint.rs:233] ["Resolver initialized"] [pending_data_index=0] [snapshot_index=6] [observe_id=ObserveID(50)] [region=52]
[2021/07/22 17:56:57.524 +08:00] [INFO] [scheduler.rs:444] ["get snapshot failed"] [err="Error(Request(message: \"EpochNotMatch current epoch of region 2 is conf_ver: 1 version: 26, but you sent conf_ver: 1 version: 25\" epoch_not_match { current_regions { id: 2 start_key: 7480000000000000FF3500000000000000F8 region_epoch { conf_ver: 1 version: 26 } peers { id: 3 store_id: 1 } } current_regions { id: 52 start_key: 7480000000000000FF3300000000000000F8 end_key: 7480000000000000FF3500000000000000F8 region_epoch { conf_ver: 1 version: 26 } peers { id: 53 store_id: 1 } } }))"] [cid=300]
[2021/07/22 17:56:57.524 +08:00] [INFO] [scheduler.rs:444] ["get snapshot failed"] [err="Error(Request(message: \"EpochNotMatch current epoch of region 2 is conf_ver: 1 version: 26, but you sent conf_ver: 1 version: 25\" epoch_not_match { current_regions { id: 2 start_key: 7480000000000000FF3500000000000000F8 region_epoch { conf_ver: 1 version: 26 } peers { id: 3 store_id: 1 } } current_regions { id: 52 start_key: 7480000000000000FF3300000000000000F8 end_key: 7480000000000000FF3500000000000000F8 region_epoch { conf_ver: 1 version: 26 } peers { id: 53 store_id: 1 } } }))"] [cid=299]
[2021/07/22 17:56:57.525 +08:00] [INFO] [scheduler.rs:444] ["get snapshot failed"] [err="Error(Request(message: \"EpochNotMatch current epoch of region 2 is conf_ver: 1 version: 26, but you sent conf_ver: 1 version: 25\" epoch_not_match { current_regions { id: 2 start_key: 7480000000000000FF3500000000000000F8 region_epoch { conf_ver: 1 version: 26 } peers { id: 3 store_id: 1 } } current_regions { id: 52 start_key: 7480000000000000FF3300000000000000F8 end_key: 7480000000000000FF3500000000000000F8 region_epoch { conf_ver: 1 version: 26 } peers { id: 53 store_id: 1 } } }))"] [cid=301]
[2021/07/22 17:56:57.525 +08:00] [INFO] [scheduler.rs:444] ["get snapshot failed"] [err="Error(Request(message: \"EpochNotMatch current epoch of region 2 is conf_ver: 1 version: 26, but you sent conf_ver: 1 version: 25\" epoch_not_match { current_regions { id: 2 start_key: 7480000000000000FF3500000000000000F8 region_epoch { conf_ver: 1 version: 26 } peers { id: 3 store_id: 1 } } current_regions { id: 52 start_key: 7480000000000000FF3300000000000000F8 end_key: 7480000000000000FF3500000000000000F8 region_epoch { conf_ver: 1 version: 26 } peers { id: 53 store_id: 1 } } }))"] [cid=302]
[2021/07/22 17:56:57.526 +08:00] [INFO] [scheduler.rs:444] ["get snapshot failed"] [err="Error(Request(message: \"EpochNotMatch current epoch of region 2 is conf_ver: 1 version: 26, but you sent conf_ver: 1 version: 25\" epoch_not_match { current_regions { id: 2 start_key: 7480000000000000FF3500000000000000F8 region_epoch { conf_ver: 1 version: 26 } peers { id: 3 store_id: 1 } } current_regions { id: 52 start_key: 7480000000000000FF3300000000000000F8 end_key: 7480000000000000FF3500000000000000F8 region_epoch { conf_ver: 1 version: 26 } peers { id: 53 store_id: 1 } } }))"] [cid=303]
[2021/07/22 17:57:04.155 +08:00] [WARN] [endpoint.rs:632] [error-response] [err="Key is locked (will clean up) primary_lock: 7480000000000000355F72800000000000EE6F lock_version: 426494610409783315 key: 7480000000000000355F72800000000000EE6F lock_ttl: 3000 txn_size: 7 use_async_commit: true min_commit_ts: 426494610409783316 secondaries: 7480000000000000355F72800000000000EE70 secondaries: 7480000000000000355F72800000000000EE71 secondaries: 7480000000000000355F72800000000000EE72 secondaries: 7480000000000000355F72800000000000EE73 secondaries: 7480000000000000355F72800000000000EE74 secondaries: 7480000000000000355F72800000000000EE75"]
[2021/07/22 17:57:27.400 +08:00] [WARN] [endpoint.rs:632] [error-response] [err="Key is locked (will clean up) primary_lock: 7480000000000000355F7280000000000423FA lock_version: 426494616504631308 key: 7480000000000000355F7280000000000423FA lock_ttl: 3000 txn_size: 7 use_async_commit: true min_commit_ts: 426494616504631309 secondaries: 7480000000000000355F7280000000000423FB secondaries: 7480000000000000355F7280000000000423FC secondaries: 7480000000000000355F7280000000000423FD secondaries: 7480000000000000355F7280000000000423FE secondaries: 7480000000000000355F7280000000000423FF secondaries: 7480000000000000355F728000000000042400"]
[2021/07/22 17:57:31.742 +08:00] [INFO] [tracker.rs:256] [slow-query] [perf_stats.internal_delete_skipped_count=0] [perf_stats.internal_key_skipped_count=271376] [perf_stats.block_read_byte=0] [perf_stats.block_read_count=0] [perf_stats.block_cache_hit_count=0] [scan.range.first="Some(start: 7480000000000000355F720000000000000000 end: 7480000000000000355F72FFFFFFFFFFFFFFFF00)"] [scan.ranges=1] [scan.total=271377] [scan.processed_size=7326963] [scan.processed=271369] [scan.is_desc=false] [tag=select] [table_id=53] [txn_start_ts=426494616504631312] [total_suspend_time=6ms] [total_process_time=4.332s] [handler_build_time=1ms] [wait_time.snapshot=0ns] [wait_time.schedule=0ns] [wait_time=0ns] [total_lifetime=4.339s] [remote_host=ipv4:127.0.0.1:53562] [region_id=2]
[2021/07/22 17:57:47.927 +08:00] [WARN] [endpoint.rs:632] [error-response] [err="Key is locked (will clean up) primary_lock: 7480000000000000355F72800000000006F8A2 lock_version: 426494621878583344 key: 7480000000000000355F72800000000006F8A2 lock_ttl: 3000 txn_size: 7 use_async_commit: true min_commit_ts: 426494621878583345 secondaries: 7480000000000000355F72800000000006F8A3 secondaries: 7480000000000000355F72800000000006F8A4 secondaries: 7480000000000000355F72800000000006F8A5 secondaries: 7480000000000000355F72800000000006F8A6 secondaries: 7480000000000000355F72800000000006F8A7 secondaries: 7480000000000000355F72800000000006F8A8"]
[2021/07/22 17:57:55.222 +08:00] [INFO] [tracker.rs:256] [slow-query] [perf_stats.internal_delete_skipped_count=0] [perf_stats.internal_key_skipped_count=456890] [perf_stats.block_read_byte=0] [perf_stats.block_read_count=0] [perf_stats.block_cache_hit_count=0] [scan.range.first="Some(start: 7480000000000000355F720000000000000000 end: 7480000000000000355F72FFFFFFFFFFFFFFFF00)"] [scan.ranges=1] [scan.total=456891] [scan.processed_size=12335652] [scan.processed=456876] [scan.is_desc=false] [tag=select] [table_id=53] [txn_start_ts=426494621878583349] [total_suspend_time=11ms] [total_process_time=7.27s] [handler_build_time=1ms] [wait_time.snapshot=0ns] [wait_time.schedule=0ns] [wait_time=0ns] [total_lifetime=7.282s] [remote_host=ipv4:127.0.0.1:53564] [region_id=2]
[2021/07/22 17:58:17.479 +08:00] [INFO] [tracker.rs:256] [slow-query] [perf_stats.internal_delete_skipped_count=0] [perf_stats.internal_key_skipped_count=658042] [perf_stats.block_read_byte=0] [perf_stats.block_read_count=0] [perf_stats.block_cache_hit_count=0] [scan.range.first="Some(start: 7480000000000000355F720000000000000000 end: 7480000000000000355F72FFFFFFFFFFFFFFFF00)"] [scan.ranges=1] [scan.total=658043] [scan.processed_size=17767134] [scan.processed=658042] [scan.is_desc=false] [tag=select] [table_id=53] [txn_start_ts=426494628157980673] [total_suspend_time=4ms] [total_process_time=5.6s] [handler_build_time=0ns] [wait_time.snapshot=0ns] [wait_time.schedule=0ns] [wait_time=0ns] [total_lifetime=5.604s] [remote_host=ipv4:127.0.0.1:53562] [region_id=2]
[2021/07/22 17:58:30.020 +08:00] [INFO] [tracker.rs:256] [slow-query] [perf_stats.internal_delete_skipped_count=0] [perf_stats.internal_key_skipped_count=658042] [perf_stats.block_read_byte=0] [perf_stats.block_read_count=0] [perf_stats.block_cache_hit_count=0] [scan.range.first="Some(start: 7480000000000000355F720000000000000000 end: 7480000000000000355F72FFFFFFFFFFFFFFFF00)"] [scan.ranges=1] [scan.total=658043] [scan.processed_size=21715386] [scan.processed=658042] [scan.is_desc=None] [tag=analyze_index] [table_id=53] [txn_start_ts=426494628695375881] [total_suspend_time=7ms] [total_process_time=16.094s] [handler_build_time=0ns] [wait_time.snapshot=0ns] [wait_time.schedule=0ns] [wait_time=0ns] [total_lifetime=16.101s] [remote_host=ipv4:127.0.0.1:53565] [region_id=2]
[2021/07/22 17:58:30.578 +08:00] [WARN] [endpoint.rs:632] [error-response] [err="Key is locked (will clean up) primary_lock: 7480000000000000155F698000000000000002038000000000000035 lock_version: 426494632967798785 key: 7480000000000000195F698000000000000001038000000000000035038000000000000000038000000000000001038000000000000000 lock_ttl: 20023 txn_size: 512 lock_for_update_ts: 426494633059024898 min_commit_ts: 426494633059024902"]
[2021/07/22 17:58:31.513 +08:00] [INFO] [signal_handler.rs:20] ["receive signal 15, stopping server..."]
[2021/07/22 17:58:31.532 +08:00] [INFO] [node.rs:416] ["stop raft store thread"] [store_id=1]
[2021/07/22 17:58:31.532 +08:00] [INFO] [future.rs:188] ["stoping worker"] [worker=pd-worker]
[2021/07/22 17:58:31.532 +08:00] [INFO] [batch.rs:457] ["shutdown batch system apply"]
[2021/07/22 17:58:31.533 +08:00] [INFO] [router.rs:285] ["broadcasting shutdown"]
[2021/07/22 17:58:31.535 +08:00] [INFO] [batch.rs:470] ["batch system apply is stopped."]
[2021/07/22 17:58:31.537 +08:00] [INFO] [batch.rs:457] ["shutdown batch system raftstore-1"]
[2021/07/22 17:58:31.537 +08:00] [INFO] [router.rs:285] ["broadcasting shutdown"]
[2021/07/22 17:58:31.540 +08:00] [INFO] [future.rs:188] ["stoping worker"] [worker=gc-worker]
[2021/07/22 17:58:31.543 +08:00] [INFO] [batch.rs:470] ["batch system raftstore-1 is stopped."]
[2021/07/22 17:58:31.543 +08:00] [INFO] [mod.rs:177] ["Storage stopped."]
[2021/07/22 17:58:31.545 +08:00] [INFO] [future.rs:188] ["stoping worker"] [worker=waiter-manager]
[2021/07/22 17:58:31.551 +08:00] [INFO] [future.rs:188] ["stoping worker"] [worker=deadlock-detector]
[2021/07/22 17:58:31.577 +08:00] [WARN] [mod.rs:583] ["failed to unregister addr to pd"] [error="hyper::Error(Connect, ConnectError(\"tcp connect error\", Os { code: 61, kind: ConnectionRefused, message: \"Connection refused\" }))"]
[2021/07/22 17:58:31.579 +08:00] [INFO] [util.rs:536] ["connecting to PD endpoint"] [endpoints=http://127.0.0.1:2379]
[2021/07/22 17:58:31.580 +08:00] [ERROR] [util.rs:584] ["connect failed"] [error="Grpc(RpcFailure(RpcStatus { code: 14-UNAVAILABLE, message: \"Broken pipe\", details: [] }))"] [endpoints=http://127.0.0.1:2379]
[2021/07/22 17:58:31.580 +08:00] [WARN] [mod.rs:588] ["failed to reconnect pd client"] [err="Other(\"[components/pd_client/src/util.rs:590]: failed to connect to [name: \\\"pd1\\\" member_id: 3474484975246189105 peer_urls: \\\"http://127.0.0.1:2380\\\" client_urls: \\\"http://127.0.0.1:2379\\\"]\")"]
[2021/07/22 17:58:32.586 +08:00] [WARN] [mod.rs:583] ["failed to unregister addr to pd"] [error="hyper::Error(Connect, ConnectError(\"tcp connect error\", Os { code: 61, kind: ConnectionRefused, message: \"Connection refused\" }))"]
[2021/07/22 17:58:32.586 +08:00] [INFO] [util.rs:536] ["connecting to PD endpoint"] [endpoints=http://127.0.0.1:2379]
[2021/07/22 17:58:32.587 +08:00] [INFO] [<unknown>] ["Connect failed: {\"created\":\"@1626947912.587323000\",\"description\":\"Failed to connect to remote host: Connection refused\",\"errno\":61,\"file\":\"/Users/cs/.cargo/registry/src/mirrors.ustc.edu.cn-61ef6e0cd06fb9b8/grpcio-sys-0.9.0+1.38.0/grpc/src/core/lib/iomgr/tcp_client_posix.cc\",\"file_line\":200,\"os_error\":\"Connection refused\",\"syscall\":\"connect\",\"target_address\":\"ipv4:127.0.0.1:2379\"}"]
[2021/07/22 17:58:32.587 +08:00] [INFO] [<unknown>] ["Subchannel 0x7fab78d07ed0: Retry in 1000 milliseconds"]
[2021/07/22 17:58:32.587 +08:00] [ERROR] [util.rs:584] ["connect failed"] [error="Grpc(RpcFailure(RpcStatus { code: 14-UNAVAILABLE, message: \"failed to connect to all addresses\", details: [] }))"] [endpoints=http://127.0.0.1:2379]
[2021/07/22 17:58:32.588 +08:00] [WARN] [mod.rs:588] ["failed to reconnect pd client"] [err="Other(\"[components/pd_client/src/util.rs:590]: failed to connect to [name: \\\"pd1\\\" member_id: 3474484975246189105 peer_urls: \\\"http://127.0.0.1:2380\\\" client_urls: \\\"http://127.0.0.1:2379\\\"]\")"]
[2021/07/22 17:58:33.593 +08:00] [WARN] [mod.rs:583] ["failed to unregister addr to pd"] [error="hyper::Error(Connect, ConnectError(\"tcp connect error\", Os { code: 61, kind: ConnectionRefused, message: \"Connection refused\" }))"]
[2021/07/22 17:58:33.594 +08:00] [INFO] [util.rs:536] ["connecting to PD endpoint"] [endpoints=http://127.0.0.1:2379]
[2021/07/22 17:58:33.594 +08:00] [INFO] [<unknown>] ["Connect failed: {\"created\":\"@1626947913.594851000\",\"description\":\"Failed to connect to remote host: Connection refused\",\"errno\":61,\"file\":\"/Users/cs/.cargo/registry/src/mirrors.ustc.edu.cn-61ef6e0cd06fb9b8/grpcio-sys-0.9.0+1.38.0/grpc/src/core/lib/iomgr/tcp_client_posix.cc\",\"file_line\":200,\"os_error\":\"Connection refused\",\"syscall\":\"connect\",\"target_address\":\"ipv4:127.0.0.1:2379\"}"]
[2021/07/22 17:58:33.595 +08:00] [INFO] [<unknown>] ["Subchannel 0x7fab78d07980: Retry in 999 milliseconds"]
[2021/07/22 17:58:33.595 +08:00] [ERROR] [util.rs:584] ["connect failed"] [error="Grpc(RpcFailure(RpcStatus { code: 14-UNAVAILABLE, message: \"failed to connect to all addresses\", details: [] }))"] [endpoints=http://127.0.0.1:2379]
[2021/07/22 17:58:33.595 +08:00] [WARN] [mod.rs:588] ["failed to reconnect pd client"] [err="Other(\"[components/pd_client/src/util.rs:590]: failed to connect to [name: \\\"pd1\\\" member_id: 3474484975246189105 peer_urls: \\\"http://127.0.0.1:2380\\\" client_urls: \\\"http://127.0.0.1:2379\\\"]\")"]
